date,start_city,end_city,distance_km,cargo_weight_kg,vehicle_type,weather_condition,traffic_density,fuel_type,fuel_consumption_liters,carbon_emissions_kg,delivery_time_hours,cost_inr
2023-03-13,Delhi,Mumbai,1191.92,3793.97,Container,Cloudy,Low,Petrol,539.48,1228.97,17.16,17078.3
2023-02-17,Jaipur,Delhi,191.11,1201.98,Container,Foggy,Low,Diesel,76.94,212.77,3.92,2805.97
2023-08-18,Mumbai,Lucknow,1322.38,592.63,Truck,Stormy,Medium,Petrol,465.36,1157.48,20.8,18367.99
2023-03-21,Mumbai,Chennai,1027.36,1325.32,Container,Foggy,Medium,CNG,480.86,883.88,21.13,14372.22
2023-11-06,Delhi,Bangalore,1759.26,2443.75,Van,Clear,Medium,CNG,314.69,493.7,34.78,15831.04
2024-02-29,Ahmedabad,Lucknow,1062.76,1127.72,Truck,Foggy,Low,CNG,302.22,496.96,16.31,15653.05
2024-01-31,Hyderabad,Chennai,471.58,2552.31,Container,Clear,Low,Petrol,184.98,366.96,9.14,5312.22
2023-03-25,Chennai,Delhi,1737.8,2814.05,Van,Cloudy,Medium,CNG,336.11,691.03,31.71,17858.03
2023-03-25,Kolkata,Delhi,1396.07,3233.95,Container,Rainy,High,Petrol,900.68,2103.65,23.87,15423.59
2024-02-25,Jaipur,Chennai,1583.74,939.52,Container,Cloudy,Low,Petrol,568.49,1437.62,38.36,16636.81
2023-04-19,Kolkata,Delhi,1393.2,1049.17,Truck,Stormy,High,CNG,578.12,1329.3,21.04,15528.58
2024-01-18,Ahmedabad,Bangalore,1220.54,4591.94,Van,Rainy,Low,CNG,267.15,517.99,19.26,19731.1
2023-02-16,Pune,Hyderabad,570.28,1902.7,Truck,Rainy,High,Electric,235.31,103.29,8.12,8951.14
2023-07-17,Bangalore,Chennai,436.22,1331.85,Container,Foggy,High,Diesel,230.94,692.79,7.89,7197.36
2023-12-16,Jaipur,Kolkata,1513.7,898.22,Container,Clear,High,Diesel,670.18,1826.85,20.08,20514.96
2023-01-02,Hyderabad,Delhi,1215.33,1721.07,Van,Foggy,Low,Electric,204.77,86.17,15.55,18034.27
2024-03-06,Kolkata,Lucknow,927.24,1764.21,Truck,Stormy,Low,CNG,315.13,675.97,14.14,12252.6
2023-11-03,Bangalore,Pune,686.1,4109.89,Truck,Stormy,High,Diesel,363.57,987.46,12.95,7637.31
2023-02-13,Hyderabad,Kolkata,1204.54,524.85,Truck,Clear,Low,Diesel,281.72,801.2,17.39,16779.26
2023-05-16,Jaipur,Bangalore,1589.48,3780.53,Truck,Foggy,High,Petrol,727.7,1830.21,26.01,21355.34
2023-07-24,Chennai,Lucknow,1487.68,4383.97,Container,Rainy,High,CNG,1043.19,1961.21,18.64,20861.12
2023-02-02,Ahmedabad,Lucknow,946.53,786.01,Van,Clear,Low,Petrol,127.62,327.21,17.68,11863.17
2023-04-28,Chennai,Kolkata,1329.11,3783.23,Truck,Clear,High,Diesel,529.23,1248.67,31.13,12816.73
2023-04-20,Hyderabad,Delhi,1307.52,2624.97,Container,Rainy,Medium,Electric,711.88,366.5,21.24,18393.22
2023-02-18,Lucknow,Ahmedabad,1040.02,3923.53,Truck,Foggy,Medium,Petrol,425.57,919.65,23.7,13420.0
2023-02-01,Pune,Ahmedabad,594.47,2722.08,Van,Clear,High,Diesel,122.9,340.5,10.6,7528.75
2023-03-13,Delhi,Kolkata,1292.3,614.39,Truck,Rainy,High,Electric,475.52,257.3,22.72,13165.35
2023-11-30,Chennai,Delhi,1698.34,2788.57,Van,Stormy,Low,Diesel,352.94,1044.48,21.24,24920.02
2023-04-20,Delhi,Kolkata,1412.3,2346.72,Truck,Foggy,Medium,Electric,512.46,265.38,18.94,21393.47
2023-05-27,Bangalore,Ahmedabad,1207.76,846.41,Truck,Foggy,Medium,Electric,384.99,206.81,21.22,18178.75
2024-05-10,Jaipur,Ahmedabad,519.8,4683.64,Truck,Rainy,Medium,Petrol,234.07,513.57,12.28,9177.33
2023-09-15,Mumbai,Pune,150.02,4421.57,Truck,Clear,High,Electric,62.5,34.87,1.95,3968.72
2023-12-12,Mumbai,Lucknow,1216.93,4516.52,Truck,Rainy,Low,Diesel,471.08,1327.3,16.34,15433.29
2023-08-03,Lucknow,Chennai,1598.24,4532.41,Container,Stormy,Low,Diesel,943.57,2573.15,24.11,21375.65
2023-07-22,Hyderabad,Kolkata,1203.28,1525.71,Truck,Cloudy,Low,CNG,323.6,607.22,26.6,15826.16
2023-02-07,Ahmedabad,Hyderabad,970.71,4373.29,Truck,Clear,Medium,Diesel,356.56,927.68,15.78,13389.85
2023-03-22,Bangalore,Pune,742.89,2378.35,Truck,Rainy,Medium,CNG,282.0,534.25,12.91,9957.12
2024-04-25,Kolkata,Lucknow,930.49,2019.27,Truck,Stormy,Medium,Diesel,371.55,966.97,12.39,10176.15
2024-01-03,Delhi,Lucknow,465.79,2834.56,Truck,Cloudy,Medium,Petrol,160.42,385.53,8.67,7385.2
2023-11-21,Kolkata,Lucknow,903.11,4873.02,Van,Cloudy,Low,Diesel,176.3,538.81,15.86,11410.55
2023-10-10,Mumbai,Pune,100.0,1781.78,Truck,Cloudy,Low,Electric,27.49,13.71,1.47,2083.53
2024-03-03,Delhi,Bangalore,1752.28,2762.06,Container,Rainy,High,Diesel,1090.18,2795.29,31.99,22176.51
2024-04-05,Pune,Bangalore,733.01,1152.03,Truck,Cloudy,Medium,Diesel,219.35,605.59,13.5,9939.87
2024-04-18,Delhi,Pune,1203.41,1589.25,Container,Foggy,High,Petrol,651.57,1504.01,15.59,17705.22
2024-02-05,Bangalore,Ahmedabad,1304.36,1569.37,Truck,Rainy,High,CNG,523.14,1091.21,16.89,18544.44
2024-03-15,Chennai,Hyderabad,476.89,3345.38,Truck,Clear,Medium,Diesel,162.64,496.21,8.11,6154.05
2023-12-04,Ahmedabad,Hyderabad,936.37,906.3,Van,Rainy,Low,Diesel,153.19,500.46,19.62,10095.74
2024-04-25,Delhi,Hyderabad,1241.11,1339.33,Van,Stormy,Medium,CNG,263.0,557.31,30.19,18218.03
2023-11-02,Kolkata,Bangalore,1606.45,3549.04,Container,Cloudy,Low,Diesel,714.19,1817.67,28.0,22818.74
2024-04-05,Hyderabad,Ahmedabad,907.49,1519.23,Container,Stormy,Low,Electric,424.67,204.58,14.39,9637.6
2023-07-06,Pune,Mumbai,100.0,3609.22,Container,Stormy,High,Petrol,71.87,173.89,1.75,3268.82
2023-09-17,Hyderabad,Pune,560.18,1118.84,Container,Clear,High,CNG,253.04,482.99,10.7,6642.33
2023-12-07,Pune,Kolkata,1632.78,4661.12,Container,Rainy,Low,Electric,897.69,434.39,21.04,23134.13
2023-05-27,Bangalore,Hyderabad,481.96,3469.93,Van,Stormy,Low,CNG,105.49,216.04,9.96,8241.55
2023-09-19,Lucknow,Hyderabad,1096.52,2883.43,Van,Foggy,Medium,Petrol,233.54,609.99,18.61,17131.08
2023-02-17,Bangalore,Delhi,1730.94,4537.47,Van,Stormy,High,CNG,531.58,1010.03,23.8,25217.44
2023-05-06,Kolkata,Chennai,1397.42,2025.63,Truck,Rainy,Low,Diesel,448.13,1294.88,17.61,18171.61
2023-09-11,Delhi,Jaipur,311.68,4537.0,Van,Stormy,Low,Electric,73.63,33.62,5.57,5083.89
2023-01-26,Mumbai,Bangalore,868.83,3389.14,Van,Rainy,Low,Electric,174.49,90.27,13.95,14225.08
2024-05-01,Delhi,Jaipur,258.02,541.39,Truck,Foggy,High,CNG,90.36,190.16,3.68,3134.23
2023-08-19,Jaipur,Pune,970.5,522.78,Container,Foggy,Low,Electric,367.01,170.39,19.27,9704.99
2023-02-09,Kolkata,Lucknow,959.01,3613.53,Van,Rainy,Medium,Electric,225.21,98.9,13.99,11053.01
2023-04-29,Hyderabad,Pune,469.59,3704.81,Container,Clear,Low,Petrol,201.11,495.08,8.49,6111.43
2023-08-01,Chennai,Delhi,1731.72,3859.21,Van,Foggy,Medium,Electric,396.75,175.95,40.76,25879.68
2024-04-27,Pune,Mumbai,173.12,3459.26,Container,Foggy,Medium,Diesel,96.3,268.73,3.2,4027.66
2023-09-07,Pune,Lucknow,1170.47,2154.72,Container,Stormy,High,Petrol,751.35,1760.94,24.0,14012.1
2024-03-06,Mumbai,Ahmedabad,394.9,4878.55,Van,Foggy,High,Petrol,109.8,232.95,6.73,5951.3
2023-02-12,Lucknow,Jaipur,616.62,3340.12,Truck,Foggy,High,Diesel,273.28,714.84,9.38,7188.73
2023-04-19,Ahmedabad,Bangalore,1247.87,3096.07,Truck,Cloudy,Medium,CNG,438.52,974.38,21.45,14479.12
2023-01-10,Pune,Kolkata,1601.62,3751.03,Van,Cloudy,Low,Electric,289.06,144.03,22.89,15272.41
2024-01-22,Hyderabad,Chennai,463.44,4732.06,Container,Clear,High,Diesel,277.36,779.2,11.24,6875.75
2023-10-16,Mumbai,Chennai,1050.2,4849.95,Truck,Rainy,Medium,Diesel,478.26,1376.62,13.48,14245.19
2024-02-03,Kolkata,Pune,1629.6,4330.12,Truck,Stormy,High,Diesel,877.01,1994.34,22.39,26206.6
2023-07-23,Delhi,Mumbai,1120.78,3005.61,Van,Stormy,High,Electric,307.93,146.07,14.43,12025.02
2024-02-12,Lucknow,Chennai,1538.3,3065.28,Truck,Cloudy,High,Diesel,609.65,1696.82,19.39,22266.56
2023-01-07,Hyderabad,Lucknow,1096.7,4955.24,Van,Cloudy,Low,CNG,215.27,383.84,14.82,17564.16
2023-08-11,Delhi,Ahmedabad,809.56,4448.18,Van,Foggy,High,Petrol,218.58,447.21,17.21,11657.31
2023-06-15,Kolkata,Lucknow,993.89,3661.18,Van,Foggy,Medium,CNG,224.46,481.87,13.42,15561.3
2023-06-22,Delhi,Hyderabad,1196.9,4142.13,Van,Rainy,Medium,Electric,291.98,132.3,29.09,18775.75
2023-05-24,Bangalore,Jaipur,1575.6,4609.58,Truck,Cloudy,Medium,CNG,617.67,1229.11,20.95,22643.1
2023-05-04,Kolkata,Lucknow,976.02,4092.33,Truck,Stormy,Low,Diesel,397.35,1475.17,14.19,13192.36
2023-02-17,Chennai,Jaipur,1680.29,4081.07,Container,Foggy,Medium,Diesel,977.84,2879.57,32.46,20239.46
2023-10-11,Chennai,Hyderabad,501.22,2190.12,Container,Stormy,Medium,Electric,285.45,153.56,8.18,6597.73
2023-05-09,Jaipur,Hyderabad,1107.42,661.74,Van,Foggy,Medium,CNG,195.19,346.25,22.5,14781.59
2023-04-09,Hyderabad,Delhi,1381.51,1789.44,Container,Stormy,High,Petrol,860.17,1615.97,28.39,16629.31
2023-06-01,Lucknow,Jaipur,551.96,668.07,Container,Cloudy,Low,Petrol,193.21,449.9,11.24,5443.0
2023-10-11,Mumbai,Lucknow,1219.82,1071.77,Truck,Cloudy,Low,Diesel,315.13,936.52,23.6,18355.84
2023-09-03,Ahmedabad,Delhi,884.67,1471.19,Truck,Stormy,Medium,Electric,337.15,170.74,15.35,8954.69
2023-09-09,Mumbai,Hyderabad,613.76,732.57,Van,Clear,Low,Electric,82.34,42.06,14.29,7980.66
2023-05-08,Mumbai,Chennai,1175.86,3368.43,Truck,Stormy,Medium,Diesel,522.23,1657.58,26.28,17383.18
2023-06-02,Lucknow,Chennai,1428.39,4078.34,Container,Foggy,Medium,Electric,831.08,423.29,19.2,23365.28
2023-05-16,Kolkata,Mumbai,1740.02,853.05,Container,Clear,Low,Petrol,590.14,1135.68,26.2,16259.62
2023-08-19,Bangalore,Lucknow,1609.68,2340.29,Truck,Rainy,Low,Electric,529.7,287.78,23.82,19342.46
2023-02-06,Mumbai,Kolkata,1745.53,1626.09,Van,Cloudy,High,Electric,346.26,167.63,25.86,26066.26
2023-11-28,Lucknow,Chennai,1617.92,3470.89,Van,Clear,High,Petrol,354.16,851.25,35.2,17687.16
2023-08-13,Bangalore,Delhi,1766.03,3252.74,Truck,Rainy,Medium,CNG,717.74,1622.36,39.27,24268.15
2023-02-11,Pune,Kolkata,1595.97,2101.88,Container,Stormy,Medium,Electric,902.34,429.32,24.97,23755.14
2024-01-27,Hyderabad,Kolkata,1226.52,940.25,Truck,Clear,Low,Diesel,298.19,948.74,18.34,12596.17
2024-04-14,Mumbai,Chennai,894.34,1279.41,Van,Stormy,High,Electric,213.1,95.64,17.49,14035.68
2023-06-20,Pune,Jaipur,856.1,3271.33,Truck,Foggy,Medium,Electric,333.9,145.24,16.2,9111.26
2024-02-21,Bangalore,Pune,720.63,2185.76,Van,Foggy,Medium,Electric,145.17,73.53,10.23,7043.03
2024-03-18,Delhi,Pune,1189.34,4354.2,Van,Cloudy,Low,Electric,224.07,138.34,19.63,19918.34
2023-11-15,Jaipur,Ahmedabad,511.15,817.56,Van,Clear,Low,CNG,69.12,140.29,7.28,6735.77
2023-08-13,Mumbai,Kolkata,1752.12,3135.99,Van,Stormy,Low,CNG,374.01,729.99,23.29,21529.84
2023-10-10,Mumbai,Kolkata,1767.92,2246.76,Container,Rainy,Medium,Diesel,933.71,2668.03,31.39,18047.48
2023-09-18,Delhi,Jaipur,215.95,2955.28,Truck,Rainy,Medium,CNG,85.8,201.59,3.17,3833.33
2023-07-16,Ahmedabad,Jaipur,552.64,4825.36,Truck,Foggy,High,Petrol,272.19,665.76,11.6,9152.48
2024-02-25,Bangalore,Delhi,1722.84,1935.39,Van,Foggy,Medium,CNG,339.93,673.15,42.96,23506.5
2023-06-26,Lucknow,Ahmedabad,992.47,1031.74,Truck,Foggy,High,Electric,363.74,197.32,18.62,13755.48
2023-10-20,Pune,Jaipur,1003.44,4448.62,Van,Rainy,High,Petrol,282.72,747.94,18.14,16264.6
2023-07-17,Pune,Mumbai,165.59,1769.16,Van,Foggy,High,Electric,36.42,19.36,2.08,3127.82
2024-03-21,Bangalore,Jaipur,1587.97,4130.76,Truck,Rainy,High,CNG,777.89,1401.94,36.08,24162.35
2023-07-29,Delhi,Lucknow,472.81,2174.08,Van,Clear,High,Petrol,93.54,218.6,6.32,8079.74
2023-11-29,Delhi,Jaipur,213.25,4688.41,Van,Cloudy,High,Electric,53.44,29.83,4.93,4540.65
2023-11-13,Jaipur,Pune,944.96,3878.92,Van,Foggy,High,Diesel,245.09,729.0,22.11,13674.09
2024-01-25,Kolkata,Chennai,1364.03,4561.49,Container,Clear,Medium,Diesel,713.8,1963.03,20.87,21524.54
2023-06-16,Ahmedabad,Bangalore,1312.5,1940.22,Container,Cloudy,Low,Diesel,514.22,1381.01,18.27,14165.4
2023-10-17,Hyderabad,Ahmedabad,895.07,548.77,Truck,Rainy,High,Electric,327.32,177.63,13.31,8563.06
2023-09-12,Bangalore,Delhi,1763.37,4777.73,Container,Foggy,High,Petrol,1217.43,2775.65,23.05,18262.41
2024-04-05,Ahmedabad,Kolkata,1849.29,2518.0,Van,Cloudy,High,Diesel,394.99,1171.33,25.62,27719.57
2023-11-24,Jaipur,Bangalore,1510.08,3526.33,Truck,Foggy,Medium,CNG,600.29,1023.17,19.24,21140.77
2023-05-02,Ahmedabad,Kolkata,1792.21,4053.28,Truck,Foggy,Medium,Diesel,740.2,2116.07,32.44,20867.66
2023-10-17,Kolkata,Hyderabad,1237.77,759.01,Truck,Foggy,Medium,Diesel,391.38,954.78,16.59,17025.3
2023-04-23,Mumbai,Jaipur,823.36,4494.67,Van,Rainy,High,CNG,232.72,531.41,12.58,12412.75
2023-01-18,Bangalore,Delhi,1705.89,1143.46,Container,Clear,Medium,Electric,683.15,330.6,27.0,22964.08
2023-03-09,Delhi,Hyderabad,1296.47,955.05,Van,Foggy,Low,Petrol,204.17,535.67,18.14,18803.45
2024-04-12,Hyderabad,Lucknow,1097.4,827.43,Container,Cloudy,Low,CNG,389.88,718.02,15.04,12894.37
2024-01-22,Kolkata,Pune,1699.89,866.07,Truck,Foggy,Low,Petrol,472.04,1185.56,21.61,24267.22
2023-05-16,Pune,Lucknow,1141.45,4157.6,Van,Clear,Medium,Diesel,232.3,534.95,18.57,14844.23
2023-08-30,Kolkata,Ahmedabad,1720.47,875.75,Container,Cloudy,Low,Petrol,613.97,1611.16,41.96,24850.7
2023-11-22,Jaipur,Hyderabad,1114.72,2409.0,Container,Rainy,High,Diesel,674.33,2073.84,15.28,17218.18
2023-06-05,Kolkata,Ahmedabad,1738.56,2608.97,Truck,Rainy,Low,Diesel,584.57,1565.94,21.78,16626.17
2023-12-10,Chennai,Lucknow,1545.78,3857.2,Truck,Foggy,Medium,CNG,629.51,1120.23,19.82,21831.1
2024-03-02,Jaipur,Pune,980.48,2186.92,Container,Rainy,Medium,Diesel,515.3,1393.28,16.46,11738.33
2023-08-16,Kolkata,Mumbai,1796.75,1506.18,Container,Cloudy,Low,Electric,678.36,325.57,23.03,25886.27
2023-05-22,Delhi,Pune,1189.9,4968.34,Container,Cloudy,Low,Electric,584.42,320.95,25.0,13020.88
2023-01-26,Ahmedabad,Delhi,811.54,4861.86,Container,Rainy,High,Diesel,587.97,1453.96,11.35,10306.89
2024-02-21,Bangalore,Kolkata,1715.26,3630.87,Truck,Stormy,Low,Petrol,675.44,1623.64,22.93,19482.44
2024-02-13,Bangalore,Mumbai,963.96,3129.41,Van,Rainy,Low,CNG,189.84,340.04,20.52,13737.07
2023-01-09,Mumbai,Chennai,1050.86,3290.6,Truck,Cloudy,Low,CNG,325.89,693.94,22.37,10437.6
2024-02-03,Pune,Lucknow,1171.87,2586.64,Truck,Clear,Medium,Electric,376.94,177.17,21.51,15538.18
2023-08-23,Ahmedabad,Lucknow,1073.56,849.81,Truck,Stormy,Low,CNG,336.5,534.64,16.33,9247.51
2023-02-07,Ahmedabad,Pune,536.79,1892.87,Van,Clear,Medium,Electric,91.77,54.49,7.07,6451.07
2023-07-15,Bangalore,Delhi,1775.73,1231.78,Truck,Cloudy,High,CNG,604.99,1287.58,22.26,21416.6
2024-03-12,Ahmedabad,Lucknow,955.92,4697.28,Container,Foggy,Low,Diesel,504.9,1600.96,14.44,15869.16
2023-06-23,Jaipur,Chennai,1610.07,4147.49,Van,Foggy,Low,Electric,327.44,159.1,22.03,19448.17
2023-07-11,Delhi,Pune,1100.76,4864.61,Van,Cloudy,High,CNG,279.18,614.94,14.09,16530.58
2023-02-19,Ahmedabad,Delhi,820.44,2609.12,Truck,Clear,Low,Electric,229.89,118.15,11.76,10008.17
2023-12-10,Bangalore,Lucknow,1504.71,753.69,Truck,Stormy,High,CNG,607.69,1108.26,33.52,16138.97
2023-02-23,Pune,Mumbai,137.92,4998.73,Van,Stormy,Medium,CNG,38.66,77.26,2.19,3808.1
2023-02-28,Ahmedabad,Chennai,1395.86,3960.44,Truck,Cloudy,High,CNG,591.1,1152.12,19.8,18756.63
2023-11-08,Pune,Lucknow,1198.21,1081.22,Container,Stormy,High,Diesel,701.22,1578.76,15.53,17083.3
2024-04-16,Kolkata,Mumbai,1768.26,1528.89,Truck,Cloudy,High,CNG,618.38,1261.36,32.99,14986.06
2023-02-16,Bangalore,Ahmedabad,1300.25,2111.73,Truck,Rainy,High,Diesel,545.94,1688.64,18.62,13415.91
2024-01-05,Pune,Jaipur,972.46,2841.38,Van,Rainy,Medium,CNG,215.41,386.62,18.36,15608.73
2023-12-12,Lucknow,Delhi,479.6,4334.82,Truck,Rainy,Low,Diesel,183.33,567.55,11.09,7491.79
2023-04-21,Pune,Jaipur,1058.88,4444.94,Container,Foggy,Medium,CNG,632.13,1441.6,15.08,11537.16
2023-01-24,Pune,Delhi,1135.4,629.52,Van,Stormy,Medium,CNG,225.53,425.76,23.26,17222.12
2024-01-27,Mumbai,Delhi,1199.35,3668.36,Truck,Cloudy,Low,Petrol,382.51,1004.52,23.88,14183.71
2023-07-14,Mumbai,Jaipur,906.18,565.45,Container,Foggy,Low,Petrol,344.07,767.6,14.78,8991.82
2023-08-12,Jaipur,Hyderabad,1152.09,2265.1,Truck,Foggy,High,Diesel,469.45,1036.85,28.27,17778.12
2023-05-29,Hyderabad,Ahmedabad,951.33,2067.15,Container,Foggy,High,Electric,536.32,264.49,21.33,8783.12
2023-02-15,Hyderabad,Bangalore,574.91,2284.44,Container,Foggy,High,CNG,329.95,644.85,10.0,6167.56
2024-01-17,Pune,Ahmedabad,568.78,4772.84,Container,Clear,Medium,CNG,301.96,605.18,10.62,8262.73
2024-04-08,Bangalore,Delhi,1661.99,2566.11,Container,Clear,High,Petrol,848.44,1949.02,23.39,18663.67
2023-03-30,Bangalore,Kolkata,1601.16,1979.38,Truck,Rainy,Medium,Petrol,588.21,1413.55,24.98,22319.54
2023-12-15,Delhi,Chennai,1704.05,841.38,Container,Foggy,Medium,Electric,763.51,407.32,22.14,20786.6
2023-02-04,Lucknow,Hyderabad,1030.09,2055.5,Container,Cloudy,Low,Electric,407.47,213.67,17.53,13821.14
2023-08-25,Kolkata,Mumbai,1759.11,3504.01,Van,Stormy,Low,CNG,386.02,820.4,30.29,16525.39
2023-08-25,Kolkata,Delhi,1400.95,683.91,Container,Clear,High,Electric,608.06,289.57,22.16,20907.43
2023-09-14,Mumbai,Jaipur,901.35,1296.55,Container,Rainy,Medium,Electric,439.1,202.14,19.58,8249.46
2023-01-21,Delhi,Pune,1114.71,2139.21,Container,Clear,High,Petrol,549.73,1245.55,22.33,13403.14
2023-07-10,Ahmedabad,Lucknow,1120.17,676.9,Container,Stormy,Low,CNG,485.87,945.92,14.6,12337.63
2023-02-18,Hyderabad,Mumbai,676.01,867.92,Container,Cloudy,Low,CNG,241.07,524.01,10.85,7671.26
2024-04-14,Kolkata,Bangalore,1595.85,4127.91,Van,Clear,High,Petrol,366.37,827.62,29.56,25640.88
2023-11-26,Pune,Bangalore,705.81,1442.07,Container,Clear,Medium,Electric,290.23,153.52,9.85,10385.2
2023-01-10,Jaipur,Delhi,232.96,3282.15,Container,Foggy,High,CNG,144.55,215.88,4.27,3798.67
2023-03-21,Chennai,Pune,902.05,3863.62,Van,Rainy,Low,Petrol,187.59,338.33,20.94,14480.24
2024-03-24,Delhi,Lucknow,502.68,2802.55,Container,Stormy,Low,CNG,261.45,522.99,7.11,5883.86
2024-01-05,Pune,Bangalore,694.02,2513.36,Truck,Rainy,High,Petrol,301.06,700.98,12.07,8804.82
2023-04-30,Chennai,Jaipur,1533.43,1711.59,Container,Cloudy,High,Electric,766.06,390.82,24.99,16445.03
2024-01-29,Ahmedabad,Chennai,1386.25,1949.36,Van,Stormy,Medium,Electric,309.55,154.04,27.04,15770.29
2024-03-22,Jaipur,Pune,923.52,1038.93,Truck,Rainy,High,Petrol,353.41,728.09,18.47,12052.56
2023-02-12,Hyderabad,Lucknow,1096.06,3555.96,Truck,Stormy,Low,CNG,429.24,908.54,15.54,12639.46
2024-03-28,Jaipur,Bangalore,1559.98,891.14,Van,Clear,Low,Electric,212.37,121.9,28.9,13216.64
2023-02-11,Mumbai,Ahmedabad,558.1,3854.48,Container,Cloudy,Low,Electric,253.71,139.72,10.15,6502.12
2024-04-14,Delhi,Pune,1134.56,1776.99,Truck,Rainy,Low,CNG,356.31,678.09,15.5,15493.07
2023-01-10,Bangalore,Jaipur,1630.16,3068.5,Van,Stormy,Low,Diesel,346.19,806.27,32.45,24103.46
2023-06-04,Jaipur,Lucknow,502.76,958.02,Van,Clear,Medium,Petrol,79.19,193.24,11.2,5340.2
2023-11-20,Lucknow,Ahmedabad,999.03,1223.07,Truck,Clear,Medium,Diesel,286.53,719.84,16.48,10295.69
2023-05-04,Bangalore,Hyderabad,470.18,1280.18,Van,Clear,High,CNG,86.18,152.75,7.48,5017.99
2023-07-19,Delhi,Lucknow,348.72,4920.7,Van,Clear,High,Diesel,84.55,242.11,4.65,5356.35
2023-06-26,Pune,Hyderabad,517.21,4862.62,Van,Clear,Medium,Diesel,110.5,269.27,10.42,8948.01
2024-02-21,Delhi,Pune,1198.28,1660.56,Truck,Clear,Medium,CNG,357.08,711.69,18.24,17381.8
2024-01-02,Ahmedabad,Jaipur,585.28,4682.19,Container,Rainy,Low,Diesel,322.24,779.19,8.24,8898.38
2024-04-22,Kolkata,Chennai,1486.59,1759.91,Truck,Rainy,Low,CNG,466.19,1050.89,28.37,16916.65
2023-05-27,Jaipur,Ahmedabad,527.1,1956.56,Van,Clear,High,Petrol,102.41,250.07,9.71,8076.13
2024-01-16,Hyderabad,Kolkata,1252.37,1590.84,Truck,Cloudy,Medium,Electric,389.51,141.38,21.75,19199.49
2024-02-15,Hyderabad,Bangalore,512.78,1798.84,Van,Foggy,Medium,CNG,100.02,176.49,11.84,6525.4
2023-02-10,Pune,Bangalore,685.67,2665.13,Container,Cloudy,Medium,Diesel,327.69,901.73,12.91,8236.95
2023-01-22,Ahmedabad,Pune,487.11,2014.72,Truck,Foggy,Medium,Electric,172.0,86.41,7.05,8012.58
2023-07-06,Lucknow,Pune,1183.76,3566.76,Van,Clear,Low,Electric,200.75,108.0,19.56,17467.33
2023-01-18,Bangalore,Mumbai,882.79,2622.09,Truck,Stormy,High,Electric,418.47,239.4,19.6,9831.75
2023-12-14,Hyderabad,Pune,440.65,4682.88,Van,Stormy,Low,Petrol,105.14,217.79,7.6,7010.85
2023-07-23,Ahmedabad,Delhi,825.21,4722.53,Container,Rainy,High,CNG,592.27,1079.61,15.7,10572.8
2024-04-12,Delhi,Mumbai,1191.48,4288.23,Container,Rainy,Medium,Electric,734.17,425.09,19.07,13859.29
2023-04-13,Kolkata,Jaipur,1493.66,1407.32,Truck,Stormy,Medium,Electric,566.06,271.37,33.26,21569.75
2023-12-08,Ahmedabad,Bangalore,1231.3,4165.59,Container,Foggy,Low,CNG,626.82,1177.24,22.85,12492.9
2024-02-11,Jaipur,Kolkata,1491.27,2114.74,Van,Rainy,High,Petrol,352.29,982.69,27.38,15328.34
2023-10-11,Chennai,Bangalore,283.79,4174.7,Truck,Foggy,Low,CNG,102.8,218.33,4.51,5286.22
2023-07-23,Jaipur,Bangalore,1458.47,2582.06,Container,Clear,Low,CNG,573.46,1000.35,18.23,20297.97
2024-05-12,Jaipur,Pune,1008.42,2762.24,Van,Stormy,Low,Petrol,209.13,442.35,19.14,9972.04
2024-01-29,Ahmedabad,Lucknow,1038.28,2227.51,Van,Rainy,High,Petrol,247.56,559.34,13.2,12564.26
2023-03-24,Mumbai,Bangalore,900.93,3309.07,Container,Rainy,Medium,Petrol,517.09,1205.9,17.03,13335.32
2023-11-22,Hyderabad,Lucknow,1011.22,1126.72,Van,Clear,Medium,Petrol,161.74,416.36,12.92,10595.86
2023-10-31,Kolkata,Lucknow,975.74,2900.57,Truck,Stormy,High,Petrol,472.73,1228.22,12.56,10309.35
2023-01-24,Lucknow,Hyderabad,1094.24,1182.54,Container,Clear,Low,Diesel,382.39,1050.24,14.04,15251.04
2023-09-12,Kolkata,Chennai,1329.85,3847.76,Container,Foggy,High,Diesel,860.35,2117.36,17.6,17641.49
2023-02-07,Kolkata,Jaipur,1480.36,3931.06,Truck,Foggy,Medium,Electric,606.09,288.57,21.92,15446.5
2023-06-10,Pune,Jaipur,938.47,4195.66,Van,Rainy,Medium,Petrol,229.81,574.87,12.6,11703.25
2023-06-13,Hyderabad,Ahmedabad,893.53,4087.83,Truck,Cloudy,High,Diesel,381.83,923.16,17.99,9958.53
2024-04-29,Ahmedabad,Chennai,1374.23,3750.14,Truck,Clear,Low,CNG,419.91,769.6,24.82,18788.55
2023-04-08,Chennai,Bangalore,340.78,3622.77,Van,Stormy,High,CNG,98.07,216.05,4.83,5726.25
2023-02-16,Jaipur,Ahmedabad,478.62,2055.63,Van,Cloudy,Medium,Diesel,87.09,239.96,6.15,6550.17
2023-05-25,Chennai,Kolkata,1295.49,2579.03,Container,Cloudy,Low,Diesel,534.71,1647.42,21.67,19654.85
2023-03-10,Ahmedabad,Kolkata,1762.71,3251.54,Container,Clear,Low,Electric,729.96,461.46,23.41,24704.09
2023-07-05,Pune,Hyderabad,534.63,3634.93,Truck,Foggy,Low,Petrol,186.29,461.56,8.61,6369.67
2023-03-07,Jaipur,Ahmedabad,571.07,1186.43,Container,Cloudy,High,Diesel,272.5,762.59,7.23,6736.43
2023-09-14,Hyderabad,Lucknow,1179.25,2408.59,Van,Rainy,Low,Electric,219.49,124.51,28.34,10959.54
2023-06-17,Hyderabad,Jaipur,1108.36,4665.06,Container,Foggy,Low,Petrol,584.14,1362.86,14.35,13670.77
2023-12-29,Pune,Kolkata,1622.46,4931.79,Container,Cloudy,High,Electric,1033.4,510.2,25.95,20839.01
2024-02-12,Mumbai,Pune,251.88,2295.51,Van,Clear,Medium,CNG,44.52,90.89,3.32,4700.5
2024-01-05,Mumbai,Jaipur,919.96,4112.84,Van,Stormy,High,Petrol,274.27,606.52,21.88,12510.08
2023-04-08,Jaipur,Pune,998.46,4639.35,Truck,Rainy,Low,Diesel,389.78,802.18,24.5,12499.78
2024-03-22,Bangalore,Ahmedabad,1182.72,3818.76,Container,Rainy,Medium,Electric,704.83,306.77,16.0,17393.39
2023-09-27,Bangalore,Lucknow,1509.29,2535.98,Truck,Stormy,Medium,Electric,628.58,306.1,27.41,23449.77
2023-11-09,Ahmedabad,Lucknow,1009.65,2742.65,Van,Stormy,Medium,CNG,240.43,453.71,17.01,16214.52
2023-12-27,Kolkata,Lucknow,990.49,2130.77,Van,Rainy,Medium,CNG,207.27,395.77,20.51,13877.29
2023-05-28,Hyderabad,Jaipur,1191.62,558.93,Van,Stormy,High,CNG,265.8,573.74,26.55,15456.33
2023-05-28,Pune,Ahmedabad,468.84,4824.82,Van,Rainy,Medium,Diesel,119.9,337.92,5.99,6422.49
2024-02-28,Ahmedabad,Kolkata,1740.23,884.07,Container,Foggy,Low,Petrol,680.69,1398.4,28.28,25729.67
2023-05-05,Kolkata,Bangalore,1601.5,3179.23,Truck,Stormy,High,Petrol,792.67,1860.04,38.1,24549.24
2024-01-03,Chennai,Kolkata,1385.12,1444.58,Truck,Clear,Medium,CNG,405.11,784.02,23.52,18407.99
2023-09-02,Bangalore,Mumbai,850.56,1358.09,Container,Rainy,Medium,Electric,416.62,211.54,12.88,11984.19
2023-10-01,Kolkata,Pune,1670.3,3041.79,Van,Clear,Low,Petrol,272.3,594.82,24.02,24825.48
2024-02-08,Mumbai,Chennai,1125.83,2483.43,Van,Rainy,Low,Electric,210.81,77.38,18.82,17629.63
2024-04-20,Kolkata,Mumbai,1824.54,1198.58,Truck,Cloudy,High,Diesel,619.78,1316.62,23.0,18830.01
2023-05-20,Jaipur,Lucknow,587.18,4757.52,Van,Rainy,High,Electric,168.97,82.33,12.31,7539.18
2023-01-08,Bangalore,Jaipur,1490.0,3398.0,Container,Cloudy,High,Petrol,851.55,1814.08,21.45,21866.74
2024-02-28,Lucknow,Chennai,1511.55,1202.69,Truck,Stormy,High,Electric,635.94,315.76,26.47,16163.47
2024-04-24,Pune,Delhi,1233.2,621.93,Truck,Rainy,Medium,CNG,401.7,878.39,24.7,12427.79
2023-05-14,Chennai,Jaipur,1578.53,3523.52,Van,Cloudy,Medium,Diesel,322.21,800.63,23.86,22044.83
2023-12-18,Mumbai,Bangalore,830.08,3437.36,Van,Cloudy,Low,Electric,146.4,76.78,13.81,13560.44
2023-04-23,Kolkata,Delhi,1405.75,1594.27,Container,Cloudy,Medium,Petrol,615.02,1388.13,17.95,16748.62
2024-01-26,Ahmedabad,Hyderabad,942.58,4235.99,Van,Stormy,Medium,Petrol,250.76,604.99,18.89,14638.4
2023-02-09,Delhi,Lucknow,556.17,1422.43,Van,Stormy,High,CNG,134.2,234.14,7.25,5597.46
2023-03-26,Jaipur,Lucknow,602.34,558.51,Truck,Stormy,High,Petrol,238.85,534.66,11.34,7291.92
2024-04-05,Delhi,Kolkata,1339.8,4517.02,Container,Stormy,Medium,Diesel,908.68,2864.99,22.18,20561.3
2023-10-14,Ahmedabad,Bangalore,1221.09,1667.41,Container,Foggy,Medium,Diesel,588.8,1743.51,20.88,17499.59
2023-10-24,Mumbai,Ahmedabad,505.17,1706.29,Van,Clear,High,Petrol,96.1,183.07,11.77,6392.75
2023-05-27,Delhi,Lucknow,409.83,2984.21,Truck,Clear,Medium,Diesel,135.99,428.41,7.27,6976.81
2023-02-11,Pune,Hyderabad,441.48,4768.04,Van,Foggy,Medium,Electric,107.78,50.95,6.56,7961.09
2023-10-03,Jaipur,Bangalore,1533.13,4408.11,Container,Cloudy,Low,Petrol,724.81,1741.15,27.51,15835.79
2023-09-30,Chennai,Mumbai,1104.99,4099.35,Truck,Cloudy,Medium,Electric,418.06,208.38,20.03,12666.07
2023-01-17,Ahmedabad,Hyderabad,888.85,1709.05,Truck,Cloudy,Low,Diesel,242.84,647.11,12.28,10573.79
2023-08-17,Mumbai,Kolkata,1870.0,1660.49,Truck,Clear,Low,Diesel,484.56,1385.92,29.26,24996.29
2023-04-30,Mumbai,Kolkata,1770.78,4929.81,Container,Clear,Medium,Electric,950.1,466.31,28.75,25982.15
2023-10-23,Mumbai,Chennai,991.98,1725.38,Container,Cloudy,Low,CNG,381.65,747.87,15.52,13468.51
2023-07-31,Hyderabad,Chennai,526.78,1733.25,Van,Rainy,High,Petrol,120.53,251.17,10.13,5305.61
2023-01-25,Lucknow,Bangalore,1684.71,4233.84,Container,Foggy,High,Electric,1120.31,600.35,21.35,26698.7
2023-06-03,Pune,Lucknow,1226.66,3202.33,Van,Foggy,Medium,Petrol,267.72,679.2,22.28,17892.3
2024-02-17,Ahmedabad,Chennai,1345.41,4614.85,Truck,Cloudy,High,Petrol,596.44,1448.09,22.99,13613.39
2023-05-05,Pune,Ahmedabad,427.66,2835.13,Container,Stormy,Low,Electric,222.99,97.23,8.52,5827.48
2023-01-27,Delhi,Jaipur,229.31,3214.18,Van,Clear,High,Petrol,49.24,116.0,4.52,4522.9
2023-09-03,Lucknow,Mumbai,1212.84,1799.12,Truck,Rainy,High,Petrol,496.1,984.78,25.08,18302.94
2024-01-18,Kolkata,Mumbai,1829.31,1837.05,Truck,Rainy,High,Diesel,750.66,1833.97,22.87,21685.62
2024-02-02,Chennai,Kolkata,1336.95,3486.52,Van,Rainy,High,CNG,351.6,861.66,26.05,16802.39
2023-08-27,Hyderabad,Kolkata,1243.15,1467.23,Van,Cloudy,High,Electric,243.23,123.79,28.29,19218.32
2023-01-24,Ahmedabad,Hyderabad,878.25,2733.65,Truck,Cloudy,Medium,Electric,300.08,151.87,14.05,9753.13
2023-06-01,Bangalore,Mumbai,771.83,3969.1,Van,Stormy,High,Electric,227.76,125.12,16.74,9941.36
2023-05-12,Pune,Chennai,931.63,3597.81,Van,Stormy,High,CNG,267.61,611.11,13.21,12438.42
2024-01-04,Ahmedabad,Jaipur,482.33,4185.96,Truck,Cloudy,Low,Petrol,159.65,354.04,7.8,6573.04
2024-01-27,Jaipur,Mumbai,959.48,1724.65,Container,Clear,Low,Diesel,351.55,1033.78,23.83,9461.64
2023-09-16,Chennai,Delhi,1681.13,912.12,Container,Rainy,Low,Petrol,687.93,1770.93,28.87,14616.51
2023-09-30,Lucknow,Ahmedabad,1018.21,1333.1,Container,Foggy,Low,Diesel,414.7,1180.38,16.41,8896.72
2024-02-17,Jaipur,Kolkata,1530.01,3795.01,Container,Cloudy,Low,Electric,692.56,350.42,19.72,16057.52
2024-02-22,Delhi,Lucknow,501.84,3615.24,Truck,Rainy,Low,CNG,182.21,391.68,9.26,8614.9
2023-12-23,Delhi,Pune,1163.73,2702.41,Van,Foggy,High,Petrol,276.24,678.51,23.73,16233.33
2023-10-10,Delhi,Mumbai,1188.56,1312.59,Truck,Foggy,Medium,Electric,395.15,201.68,20.13,15462.49
2023-10-17,Bangalore,Delhi,1788.09,652.76,Van,Foggy,High,CNG,355.96,699.81,22.61,26820.23
2023-05-19,Jaipur,Mumbai,873.81,4659.78,Truck,Rainy,High,Electric,444.08,245.42,20.87,9775.13
2023-01-09,Kolkata,Lucknow,1006.72,4300.47,Container,Clear,Low,CNG,449.89,865.77,12.83,14340.88
2023-10-18,Pune,Delhi,1233.33,666.53,Van,Rainy,High,Petrol,256.53,562.0,16.81,13559.64
2023-09-14,Jaipur,Hyderabad,1028.91,1042.55,Van,Rainy,High,Diesel,221.56,623.52,14.74,11243.58
2024-05-11,Delhi,Ahmedabad,817.76,2029.44,Truck,Clear,Medium,Electric,251.39,119.68,11.53,7726.39
2023-08-10,Kolkata,Jaipur,1463.73,1918.81,Van,Rainy,Medium,Electric,300.94,152.5,30.86,18672.15
2023-02-12,Pune,Delhi,1258.77,1934.39,Container,Cloudy,Low,Diesel,492.93,1347.02,24.82,14385.65
2023-01-03,Bangalore,Ahmedabad,1290.61,3271.38,Van,Cloudy,Low,Diesel,224.81,619.54,16.61,15978.45
2023-08-18,Kolkata,Delhi,1427.4,4725.8,Truck,Clear,Low,Electric,467.1,258.44,22.92,18902.34
2023-11-02,Delhi,Mumbai,1228.24,2308.69,Truck,Cloudy,High,Diesel,458.58,1145.0,19.21,13769.6
2024-01-07,Pune,Mumbai,239.89,4431.55,Van,Foggy,Medium,Diesel,57.23,147.82,3.15,5655.01
2023-05-18,Chennai,Lucknow,1445.55,3819.12,Truck,Foggy,Low,Petrol,510.5,971.88,27.77,18463.83
2023-09-05,Delhi,Chennai,1748.27,2095.8,Van,Cloudy,Medium,CNG,319.18,601.77,24.52,19453.45
2023-02-24,Chennai,Jaipur,1563.44,1551.23,Container,Stormy,Low,Electric,733.68,328.29,34.42,13357.22
2023-06-21,Pune,Hyderabad,527.42,2229.47,Container,Foggy,Medium,Electric,266.57,136.41,9.22,8374.58
2023-09-03,Lucknow,Bangalore,1530.9,4774.83,Van,Cloudy,High,Petrol,385.93,952.36,29.12,24971.32
2023-06-16,Hyderabad,Kolkata,1287.6,4751.29,Container,Foggy,High,Petrol,887.37,2005.95,23.39,20035.7
2023-12-16,Pune,Hyderabad,644.64,1251.65,Truck,Stormy,Low,Petrol,209.54,451.9,9.12,5904.43
2024-02-24,Ahmedabad,Chennai,1403.92,3234.82,Van,Cloudy,High,Diesel,317.03,891.49,18.99,20662.02
2023-12-04,Ahmedabad,Bangalore,1168.72,1294.38,Container,Cloudy,Low,CNG,433.13,846.48,25.32,13458.63
2023-10-01,Pune,Delhi,1155.26,4008.13,Van,Stormy,Medium,Electric,302.42,142.81,19.17,18689.2
2023-02-25,Pune,Lucknow,1189.06,4860.96,Truck,Cloudy,High,Diesel,536.01,1412.35,16.8,17416.43
2024-05-10,Hyderabad,Bangalore,570.82,3632.09,Container,Stormy,Low,Electric,316.12,149.04,8.14,10241.37
2023-09-19,Pune,Delhi,1203.6,1509.98,Truck,Clear,Medium,Petrol,354.03,787.02,17.23,15084.98
2024-01-31,Lucknow,Chennai,1539.79,3168.23,Van,Cloudy,Medium,Electric,306.05,129.83,22.92,21344.32
2023-08-01,Bangalore,Pune,700.63,4448.57,Truck,Foggy,Low,CNG,258.7,510.14,9.12,8250.36
2023-09-24,Bangalore,Pune,711.99,4499.37,Van,Cloudy,Medium,Petrol,155.82,345.99,12.0,10318.78
2024-02-19,Ahmedabad,Jaipur,587.4,2978.86,Van,Clear,Medium,Diesel,109.59,325.53,8.58,6281.53
2023-09-22,Hyderabad,Delhi,1256.93,2177.1,Container,Rainy,High,Petrol,746.16,1586.03,26.76,12552.97
2023-04-06,Jaipur,Pune,1000.05,2731.44,Van,Rainy,Medium,Petrol,219.63,459.11,15.24,12391.2
2023-01-03,Mumbai,Kolkata,1736.36,4330.43,Van,Stormy,Medium,Electric,465.0,237.7,25.46,18557.3
2023-04-11,Delhi,Bangalore,1573.12,3165.84,Container,Rainy,Medium,CNG,893.18,1581.98,26.98,17056.88
2023-11-09,Ahmedabad,Lucknow,997.46,3551.07,Container,Cloudy,High,Electric,576.57,318.39,17.91,10552.83
2024-04-15,Hyderabad,Jaipur,1017.2,4453.83,Container,Rainy,High,CNG,716.74,1454.8,15.75,10967.98
2023-04-04,Bangalore,Pune,772.16,4327.62,Truck,Rainy,Medium,Diesel,339.27,1010.06,14.06,9105.19
2023-08-05,Pune,Ahmedabad,539.98,4266.56,Container,Rainy,High,Electric,375.55,201.2,11.38,8855.23
2023-04-06,Bangalore,Lucknow,1637.77,3283.75,Truck,Foggy,Medium,Petrol,639.37,1649.66,31.15,19914.44
2024-02-22,Mumbai,Pune,100.0,4463.92,Truck,Foggy,Low,Petrol,36.96,89.49,1.81,3425.07
2023-09-08,Ahmedabad,Pune,511.34,2008.03,Container,Foggy,Medium,Electric,253.76,128.74,10.95,7118.55
2023-03-28,Chennai,Hyderabad,482.51,4180.85,Truck,Cloudy,Low,CNG,159.66,325.06,6.77,7861.0
2023-05-18,Ahmedabad,Lucknow,1023.37,528.74,Container,Clear,High,Diesel,437.73,1323.08,14.41,14349.01
2023-08-06,Hyderabad,Lucknow,1126.04,4915.34,Truck,Foggy,High,Petrol,557.98,1096.95,25.54,18008.83
2024-03-17,Chennai,Hyderabad,448.99,3353.03,Truck,Foggy,Medium,CNG,176.2,367.33,6.18,6648.41
2024-03-16,Delhi,Kolkata,1498.05,981.41,Truck,Stormy,High,CNG,617.81,1224.16,21.89,19110.5
2023-09-30,Bangalore,Chennai,309.77,4833.46,Truck,Rainy,Low,CNG,122.53,275.21,6.05,6063.18
2023-03-11,Hyderabad,Kolkata,1298.83,4694.13,Van,Stormy,Medium,Diesel,356.66,818.05,16.54,19881.12
2023-05-08,Mumbai,Hyderabad,627.96,1854.34,Container,Rainy,High,Petrol,362.9,854.56,13.7,7366.65
2023-11-18,Chennai,Ahmedabad,1377.45,3119.77,Van,Rainy,High,CNG,352.4,695.6,24.35,16937.64
2023-08-21,Delhi,Ahmedabad,866.41,705.84,Container,Cloudy,High,CNG,395.66,650.67,11.11,9269.12
2024-03-11,Mumbai,Bangalore,874.66,610.64,Container,Foggy,High,CNG,433.58,796.92,20.56,10574.68
2024-02-29,Chennai,Ahmedabad,1473.87,3574.83,Truck,Foggy,Medium,CNG,588.0,1133.22,28.71,19225.06
2023-11-17,Bangalore,Jaipur,1475.33,4987.06,Van,Clear,Low,Diesel,276.39,710.6,20.68,19042.4
2023-04-14,Delhi,Chennai,1696.88,1236.31,Van,Foggy,Low,Electric,274.08,106.91,21.26,24995.23
2023-05-09,Kolkata,Bangalore,1633.9,1493.46,Van,Clear,High,CNG,305.16,650.46,37.74,21418.13
2023-08-08,Bangalore,Mumbai,868.49,3445.3,Van,Cloudy,High,Petrol,199.24,434.29,13.12,12948.71
2023-09-23,Mumbai,Kolkata,1751.12,4746.27,Van,Clear,Low,Petrol,322.78,660.1,26.06,16495.93
2023-04-28,Hyderabad,Delhi,1358.11,2289.17,Van,Rainy,Medium,Diesel,287.9,689.02,24.55,18956.69
2023-07-15,Delhi,Bangalore,1792.06,1534.8,Van,Cloudy,Medium,Petrol,312.0,705.84,25.26,24551.75
2023-11-09,Bangalore,Chennai,234.73,4389.61,Truck,Stormy,High,Diesel,126.85,389.03,3.56,4795.73
2024-03-16,Chennai,Bangalore,322.58,1334.86,Van,Stormy,High,Electric,77.24,38.51,6.63,5272.61
2023-06-11,Bangalore,Delhi,1764.3,3969.15,Container,Foggy,Medium,Electric,1018.56,532.54,24.63,19159.14
2024-02-03,Delhi,Kolkata,1446.28,3317.99,Container,Stormy,High,CNG,1017.25,2093.36,18.63,13500.85
2024-01-18,Kolkata,Chennai,1394.25,4084.42,Container,Stormy,High,Petrol,1037.09,2565.53,25.04,19502.67
2023-11-23,Chennai,Jaipur,1562.21,1063.34,Van,Clear,Low,Electric,216.04,107.48,24.5,18806.44
2023-07-07,Mumbai,Pune,100.0,1402.36,Van,Rainy,Medium,Electric,19.67,11.61,1.62,1622.12
2023-05-15,Ahmedabad,Delhi,769.61,3118.87,Truck,Stormy,Low,Diesel,291.67,780.57,15.83,12686.53
2023-12-26,Pune,Lucknow,1255.89,1896.63,Van,Stormy,Medium,Electric,279.21,130.49,22.39,16626.53
2023-09-19,Jaipur,Bangalore,1546.53,826.01,Van,Clear,Medium,Diesel,240.68,643.38,20.13,23332.93
2023-06-08,Bangalore,Lucknow,1561.82,3200.09,Van,Foggy,High,Diesel,385.26,782.24,22.99,22075.0
2023-08-21,Chennai,Mumbai,1107.58,4370.55,Truck,Clear,Medium,Diesel,406.76,970.89,17.17,11472.55
2023-03-25,Bangalore,Delhi,1698.81,1589.2,Truck,Rainy,High,Diesel,682.51,1820.41,28.38,18508.01
2024-01-11,Jaipur,Kolkata,1596.88,3661.09,Truck,Cloudy,Low,CNG,509.02,985.27,21.16,23228.76
2023-05-15,Mumbai,Pune,113.9,1969.08,Van,Cloudy,High,Diesel,23.26,62.51,1.66,2355.52
2023-09-13,Delhi,Jaipur,202.89,2077.82,Van,Stormy,Medium,Diesel,45.79,123.19,2.73,2899.06
2023-04-27,Bangalore,Hyderabad,449.71,3053.93,Truck,Stormy,High,Diesel,220.47,574.25,6.46,5132.77
2024-04-16,Mumbai,Kolkata,1811.68,1400.68,Truck,Foggy,Medium,Electric,607.01,322.42,39.38,27002.59
2023-05-08,Mumbai,Lucknow,1313.39,642.14,Container,Foggy,Low,CNG,502.31,1064.58,23.18,17450.3
2023-04-02,Kolkata,Delhi,1513.89,4419.36,Container,Cloudy,Low,Diesel,716.27,1988.32,30.94,19786.55
2023-06-17,Mumbai,Ahmedabad,484.14,2027.53,Truck,Foggy,Medium,CNG,171.13,353.08,11.14,6434.77
2023-08-26,Hyderabad,Chennai,522.71,4177.84,Van,Stormy,Medium,Petrol,138.49,350.31,9.55,9826.61
2023-01-13,Chennai,Lucknow,1633.41,2868.81,Truck,Rainy,Low,Electric,560.53,260.95,33.12,18462.61
2023-02-23,Mumbai,Pune,106.47,771.58,Truck,Foggy,High,CNG,38.1,75.43,2.21,1970.31
2023-02-17,Pune,Jaipur,923.27,4423.03,Truck,Rainy,High,CNG,461.63,852.24,22.11,11093.68
2023-10-25,Jaipur,Pune,904.27,4053.64,Container,Cloudy,Medium,Diesel,479.54,1217.14,20.63,10106.07
2023-12-06,Pune,Delhi,1185.2,2999.14,Container,Stormy,Low,Electric,625.89,379.99,15.08,12945.52
2023-05-20,Kolkata,Pune,1625.28,4983.5,Van,Cloudy,Medium,Electric,367.57,197.63,32.94,26228.74
2023-08-27,Bangalore,Delhi,1749.06,1397.94,Truck,Clear,Low,Electric,443.02,224.17,33.28,16169.7
2024-03-12,Hyderabad,Chennai,491.87,637.94,Van,Cloudy,Medium,CNG,78.98,156.46,10.98,4796.62
2023-12-31,Kolkata,Mumbai,1749.37,4407.23,Truck,Cloudy,Low,Diesel,588.08,1313.08,35.04,20554.87
2023-01-16,Jaipur,Mumbai,974.51,2414.72,Container,Cloudy,Medium,Petrol,456.52,1146.64,12.48,14833.12
2024-02-16,Jaipur,Lucknow,511.4,4944.42,Truck,Clear,Medium,Diesel,195.31,446.78,7.13,6998.15
2023-12-18,Mumbai,Kolkata,1684.15,3763.66,Truck,Rainy,Medium,CNG,710.86,1655.11,25.83,22955.25
2024-04-07,Lucknow,Kolkata,1004.2,4553.16,Truck,Clear,Low,Petrol,324.76,747.31,15.25,15999.09
2023-03-28,Delhi,Pune,1104.77,3165.58,Truck,Clear,Medium,Diesel,371.7,939.11,14.35,13770.72
2023-03-30,Pune,Jaipur,1029.67,3799.01,Truck,Foggy,High,Electric,472.04,268.59,19.01,16683.65
2023-11-28,Kolkata,Hyderabad,1258.47,4590.65,Van,Rainy,Low,Petrol,275.43,592.62,24.29,15992.41
2023-03-12,Jaipur,Ahmedabad,532.71,4871.28,Truck,Clear,Medium,Electric,202.45,94.43,9.38,9093.8
2024-02-05,Jaipur,Chennai,1629.94,2715.25,Container,Stormy,Low,Electric,841.96,408.71,23.78,19870.13
2023-05-19,Ahmedabad,Hyderabad,934.21,2503.87,Container,Stormy,Medium,Electric,545.73,262.75,19.8,10810.89
2024-01-28,Chennai,Mumbai,944.68,3168.28,Van,Clear,Medium,CNG,178.82,355.08,14.91,10680.8
2024-01-27,Bangalore,Delhi,1729.04,4862.36,Truck,Rainy,Medium,Diesel,788.06,1875.53,21.65,18919.09
2024-02-17,Pune,Hyderabad,569.52,1963.36,Truck,Rainy,Low,CNG,181.69,308.57,8.19,6968.2
2023-10-16,Lucknow,Mumbai,1220.04,4864.19,Container,Cloudy,High,Petrol,773.56,1848.85,15.65,19337.98
2023-02-16,Ahmedabad,Lucknow,944.14,830.74,Van,Rainy,Medium,Diesel,176.39,459.86,22.35,11944.86
2024-02-17,Mumbai,Lucknow,1247.26,2016.51,Van,Clear,Medium,Petrol,215.45,433.83,27.58,17245.81
2024-02-01,Hyderabad,Mumbai,637.32,1619.21,Truck,Rainy,High,Petrol,256.71,666.16,14.34,8256.04
2023-06-22,Hyderabad,Delhi,1340.82,1251.69,Van,Foggy,High,Diesel,281.93,819.81,25.75,12633.08
2023-03-31,Bangalore,Ahmedabad,1289.58,2635.84,Container,Foggy,High,CNG,761.28,1657.42,18.88,16707.52
2023-06-07,Lucknow,Hyderabad,1104.25,3134.09,Truck,Stormy,Low,Electric,418.98,218.5,15.92,12677.57
2023-04-04,Bangalore,Mumbai,841.14,1003.64,Container,Stormy,Medium,Diesel,432.41,1202.86,13.12,12653.98
2023-03-14,Lucknow,Chennai,1526.06,2890.26,Container,Stormy,Low,Electric,799.15,398.09,28.66,14484.8
2023-08-17,Hyderabad,Pune,522.61,4702.44,Truck,Clear,High,CNG,221.97,386.06,12.92,7299.19
2023-01-25,Delhi,Pune,1190.35,687.08,Van,Clear,High,Diesel,206.72,443.31,21.47,15970.56
2023-02-21,Bangalore,Ahmedabad,1254.19,4405.63,Van,Foggy,Medium,Electric,298.68,156.1,17.14,19160.86
2023-05-31,Lucknow,Chennai,1579.54,2699.81,Truck,Foggy,Low,Diesel,512.64,975.97,38.71,16873.49
2024-01-10,Delhi,Bangalore,1703.6,634.88,Van,Rainy,Medium,Petrol,312.53,751.06,39.62,25177.87
2023-08-09,Delhi,Pune,1241.83,1408.34,Container,Stormy,Medium,Diesel,661.87,1589.36,15.98,12073.07
2024-05-13,Pune,Bangalore,756.46,2496.88,Truck,Clear,Medium,Petrol,241.59,521.75,15.89,10991.92
2023-02-19,Jaipur,Kolkata,1467.24,3616.82,Container,Cloudy,Medium,Petrol,753.9,1779.38,34.95,19418.85
2023-02-14,Ahmedabad,Bangalore,1245.68,3280.31,Truck,Cloudy,Low,Electric,386.0,231.67,24.06,17378.23
2023-03-29,Lucknow,Ahmedabad,1031.99,636.74,Truck,Clear,Low,Petrol,243.93,622.69,15.75,15632.48
2024-04-03,Ahmedabad,Delhi,816.53,3544.31,Van,Foggy,Medium,Electric,182.83,95.52,12.29,8825.32
2023-04-06,Jaipur,Pune,987.78,2272.39,Truck,Cloudy,Medium,CNG,325.29,558.92,17.08,10858.99
2023-03-19,Ahmedabad,Kolkata,1715.1,3460.3,Truck,Cloudy,High,Diesel,700.27,1932.38,24.47,23464.34
2023-10-11,Delhi,Pune,1183.21,4418.39,Container,Foggy,High,Petrol,797.02,1901.65,27.88,14881.08
2023-09-01,Jaipur,Pune,972.87,3823.02,Container,Foggy,High,Petrol,628.28,1659.61,18.73,12383.17
2023-03-03,Mumbai,Lucknow,1231.21,1971.65,Container,Stormy,High,Petrol,778.44,1971.55,15.79,14705.57
2023-02-10,Bangalore,Kolkata,1653.81,3930.28,Truck,Rainy,Low,Electric,614.35,324.68,20.79,20236.08
2023-10-12,Bangalore,Hyderabad,484.92,4180.25,Van,Clear,Low,Electric,85.95,48.89,8.68,7076.47
2023-02-27,Kolkata,Lucknow,956.29,525.91,Van,Clear,High,Electric,163.57,73.37,16.9,8905.35
2024-03-20,Lucknow,Delhi,419.04,2282.78,Truck,Stormy,Low,CNG,148.69,246.92,6.82,5502.37
2023-01-20,Pune,Kolkata,1627.68,2519.12,Van,Foggy,High,Electric,380.8,219.96,34.71,18872.39
2023-01-26,Lucknow,Pune,1181.91,1522.71,Truck,Foggy,Medium,Petrol,400.24,802.23,16.93,17835.02
2024-03-07,Hyderabad,Mumbai,658.76,3506.96,Van,Cloudy,Medium,CNG,134.3,242.31,11.04,10233.91
2024-02-01,Delhi,Kolkata,1388.88,2209.04,Truck,Cloudy,High,Electric,514.36,315.11,19.02,14834.91
2024-01-15,Pune,Delhi,1189.38,2656.32,Truck,Foggy,Low,Electric,384.69,214.01,20.03,15143.36
2023-12-30,Hyderabad,Mumbai,580.8,3110.78,Container,Rainy,Low,CNG,285.55,462.82,9.64,6753.28
2023-05-08,Jaipur,Mumbai,1044.29,3941.97,Truck,Rainy,Low,Diesel,388.25,1115.97,25.27,10694.93
2023-11-22,Hyderabad,Chennai,546.72,4799.86,Van,Cloudy,Medium,Electric,122.13,66.28,7.11,9380.59
2024-05-06,Chennai,Pune,920.74,4671.66,Van,Stormy,Medium,Petrol,252.45,606.01,12.31,13484.33
2023-05-26,Hyderabad,Pune,491.46,2686.42,Truck,Cloudy,High,Diesel,189.12,492.63,11.96,5445.69
2023-05-18,Lucknow,Chennai,1486.11,1882.8,Truck,Rainy,High,Petrol,612.19,1274.96,22.5,18169.88
2023-04-25,Mumbai,Jaipur,936.86,1900.88,Truck,Rainy,High,Diesel,386.51,1180.05,18.7,13725.05
2023-05-10,Kolkata,Hyderabad,1314.11,1726.81,Van,Foggy,Medium,Electric,254.75,137.22,26.97,14155.66
2023-10-15,Jaipur,Pune,906.72,1315.17,Container,Clear,Low,CNG,320.62,608.02,13.76,11777.01
2023-11-24,Kolkata,Delhi,1374.83,2863.24,Van,Clear,Medium,CNG,254.22,520.36,25.94,15094.93
2024-02-17,Kolkata,Chennai,1354.36,3052.9,Truck,Stormy,Low,Diesel,510.71,1412.46,18.23,20040.78
2023-12-02,Pune,Hyderabad,599.03,2976.02,Container,Rainy,High,Diesel,378.93,1007.91,10.0,7519.76
2023-06-25,Pune,Ahmedabad,525.96,4781.32,Van,Clear,High,Petrol,126.33,279.3,7.62,7417.02
2024-03-08,Jaipur,Ahmedabad,620.54,4478.93,Container,Cloudy,High,CNG,383.25,772.06,13.26,10060.28
2024-01-15,Jaipur,Bangalore,1525.28,3249.41,Van,Clear,Medium,Petrol,290.51,626.58,30.3,22457.58
2023-04-25,Bangalore,Pune,800.1,4550.1,Container,Clear,Low,CNG,363.8,684.53,11.47,10395.77
2024-03-11,Hyderabad,Pune,466.96,4012.36,Van,Stormy,Medium,Electric,122.28,56.9,10.44,5917.35
2024-03-20,Lucknow,Delhi,514.0,2406.82,Van,Rainy,High,Diesel,124.35,314.59,7.65,7221.76
2023-07-29,Pune,Mumbai,100.0,3307.37,Truck,Rainy,Low,CNG,35.49,70.76,1.26,3078.68
2023-06-20,Ahmedabad,Bangalore,1358.36,1256.06,Van,Rainy,Low,Electric,229.35,100.48,20.82,13176.23
2023-10-23,Mumbai,Delhi,1198.77,1475.33,Van,Cloudy,Low,Petrol,180.55,434.33,16.98,14436.05
2023-07-26,Delhi,Chennai,1830.51,2960.14,Container,Foggy,High,Electric,1108.34,644.13,32.02,22241.31
2024-05-01,Mumbai,Delhi,1139.21,3175.14,Container,Rainy,High,CNG,731.7,1225.05,28.08,13270.69
2023-04-26,Jaipur,Chennai,1629.47,1113.98,Truck,Clear,High,Petrol,523.17,1208.28,24.05,17520.48
2023-03-27,Bangalore,Delhi,1706.98,2426.9,Van,Stormy,High,CNG,448.11,1011.83,40.06,15415.55
2023-08-11,Kolkata,Jaipur,1525.6,4960.65,Container,Stormy,High,CNG,1205.39,2596.63,20.2,25315.94
2023-01-10,Hyderabad,Jaipur,1127.62,1733.72,Van,Rainy,Low,Electric,198.47,115.39,22.95,15627.6
2023-03-05,Bangalore,Kolkata,1546.43,2097.48,Container,Clear,High,Petrol,760.01,1630.74,28.29,20462.29
2023-11-01,Mumbai,Ahmedabad,441.08,804.26,Container,Cloudy,High,Diesel,203.28,502.85,5.53,5974.68
2023-07-14,Mumbai,Delhi,1135.99,2930.05,Container,Clear,Medium,Electric,527.86,282.44,25.28,12562.7
2023-12-05,Bangalore,Kolkata,1618.01,2898.31,Container,Clear,Medium,Electric,750.0,406.26,36.74,20286.33
2023-05-25,Lucknow,Bangalore,1525.8,3512.69,Van,Clear,High,Diesel,335.04,787.15,34.24,15097.72
2023-12-27,Chennai,Kolkata,1468.05,2593.43,Van,Stormy,Low,CNG,300.43,607.25,26.03,14689.2
2023-01-02,Jaipur,Ahmedabad,565.05,4809.31,Truck,Foggy,Medium,Petrol,245.93,529.41,13.95,7277.1
2024-01-06,Delhi,Jaipur,273.65,1404.2,Truck,Clear,High,Diesel,90.15,219.37,3.97,4624.4
2023-02-21,Chennai,Jaipur,1568.0,2526.67,Van,Cloudy,Medium,Diesel,296.47,800.99,21.62,23401.91
2023-02-18,Kolkata,Pune,1635.16,3492.1,Container,Cloudy,Medium,Diesel,832.49,2506.85,22.08,25017.75
2024-04-02,Mumbai,Chennai,1029.71,1185.87,Container,Rainy,Medium,CNG,496.72,828.04,17.91,13312.56
2023-07-24,Delhi,Pune,1247.07,2844.31,Van,Rainy,Low,Electric,240.27,121.84,15.89,13771.71
2023-12-23,Pune,Jaipur,918.38,3898.72,Van,Rainy,Low,Petrol,191.47,452.25,13.3,15606.65
2023-04-03,Bangalore,Delhi,1753.84,4019.13,Van,Stormy,Medium,Electric,459.47,226.23,27.21,25605.97
2023-02-27,Lucknow,Mumbai,1189.89,2120.61,Container,Rainy,Medium,Electric,621.96,283.31,15.76,14250.02
2024-05-15,Delhi,Hyderabad,1173.97,2286.42,Container,Cloudy,Low,Petrol,473.28,1148.82,15.01,17710.27
2023-12-05,Jaipur,Lucknow,680.47,2820.56,Container,Stormy,Low,Electric,354.41,157.16,9.85,9149.63
2023-11-26,Pune,Bangalore,742.33,4964.71,Container,Stormy,Low,Diesel,451.29,1310.87,9.59,11048.06
2023-05-04,Ahmedabad,Jaipur,540.99,4687.68,Truck,Clear,Medium,CNG,203.06,412.22,10.16,7725.09
2023-02-10,Jaipur,Chennai,1617.84,2212.8,Container,Foggy,Medium,Petrol,816.58,1867.64,27.72,23123.31
2023-09-12,Ahmedabad,Delhi,835.08,1871.06,Van,Foggy,Medium,Diesel,163.88,465.53,11.96,7720.0
2024-02-27,Pune,Ahmedabad,510.95,1280.86,Truck,Stormy,High,Diesel,216.47,536.29,11.71,6889.07
2024-05-01,Lucknow,Kolkata,898.44,4890.25,Container,Stormy,Low,Electric,543.48,307.42,16.75,14823.07
2024-01-02,Chennai,Jaipur,1668.04,1096.36,Van,Stormy,High,Electric,391.01,204.78,25.16,22251.75
2023-07-01,Delhi,Bangalore,1870.41,3941.64,Container,Rainy,Low,CNG,977.87,1840.13,25.55,29561.24
2023-01-24,Kolkata,Lucknow,950.79,2293.98,Container,Cloudy,High,Diesel,498.61,1160.97,12.53,12030.59
2023-03-03,Pune,Delhi,1167.83,806.78,Van,Stormy,Low,Petrol,205.08,426.73,15.13,12957.91
2023-01-24,Ahmedabad,Chennai,1398.43,4846.2,Container,Cloudy,Low,Electric,681.23,358.66,18.15,21808.49
2024-05-08,Lucknow,Delhi,383.73,2777.64,Van,Foggy,High,Petrol,91.63,197.98,6.4,5883.32
2023-12-21,Mumbai,Lucknow,1196.45,3383.72,Van,Stormy,Medium,Petrol,299.24,681.29,18.95,17381.51
2023-09-16,Bangalore,Delhi,1774.17,3425.9,Van,Stormy,High,CNG,503.19,851.0,23.58,21105.76
2023-08-20,Lucknow,Chennai,1518.97,761.74,Van,Foggy,Medium,CNG,270.23,602.4,21.04,14001.87
2023-04-13,Lucknow,Jaipur,544.5,1046.23,Van,Stormy,Medium,Petrol,112.4,248.97,11.25,7602.02
2023-12-30,Hyderabad,Bangalore,469.13,3614.73,Container,Rainy,High,CNG,311.37,585.78,10.51,6717.07
2024-02-18,Ahmedabad,Pune,520.48,4985.14,Container,Stormy,Medium,Electric,364.38,168.91,12.85,7044.35
2024-01-20,Pune,Bangalore,764.48,1878.14,Truck,Clear,Low,CNG,201.79,438.08,10.7,12318.12
2023-07-03,Kolkata,Bangalore,1626.45,2417.38,Truck,Cloudy,Low,Diesel,471.24,1551.98,22.41,15387.0
2023-09-19,Jaipur,Chennai,1545.4,2154.92,Container,Stormy,Medium,Petrol,877.58,1981.64,21.65,22082.22
2024-05-09,Kolkata,Mumbai,1822.63,3801.26,Van,Foggy,Medium,CNG,415.84,781.18,29.36,16647.09
2024-01-22,Kolkata,Chennai,1355.6,586.37,Container,Foggy,Low,CNG,515.73,741.28,21.34,18145.27
2023-04-06,Chennai,Kolkata,1427.58,1116.99,Van,Foggy,Low,Diesel,228.14,562.71,18.19,19324.82
2023-03-08,Delhi,Ahmedabad,732.71,554.54,Truck,Foggy,Medium,CNG,227.28,449.0,15.78,10478.1
2024-04-20,Mumbai,Pune,100.0,2965.82,Van,Rainy,Low,Petrol,19.45,44.79,1.89,2318.51
2023-02-07,Lucknow,Kolkata,1010.1,941.37,Van,Stormy,High,CNG,233.47,445.75,14.15,10798.93
2023-08-01,Chennai,Bangalore,237.65,1961.04,Container,Clear,High,Petrol,115.48,265.69,3.85,3552.83
2023-05-31,Hyderabad,Chennai,508.34,2191.5,Truck,Cloudy,Medium,CNG,166.3,377.84,10.43,7840.66
2023-08-17,Jaipur,Ahmedabad,516.49,4032.57,Container,Clear,Low,CNG,226.49,339.37,10.41,8470.25
2023-07-17,Lucknow,Chennai,1496.19,3596.61,Truck,Cloudy,Medium,Diesel,545.87,1615.07,29.77,21350.25
2023-09-07,Mumbai,Lucknow,1163.46,4283.92,Van,Stormy,High,Electric,351.07,168.4,27.86,18765.49
2024-05-12,Chennai,Pune,1041.24,3467.09,Container,Clear,Low,Petrol,438.2,950.94,13.31,13984.62
2024-03-03,Mumbai,Bangalore,870.13,3262.7,Truck,Rainy,High,Electric,400.06,216.02,19.71,11867.83
2024-01-03,Pune,Delhi,1188.02,1175.76,Container,Rainy,Low,Electric,497.89,230.19,22.3,10819.86
2024-04-11,Mumbai,Chennai,1060.84,3561.03,Van,Stormy,Low,Petrol,233.77,633.01,21.07,13148.67
2023-10-01,Pune,Ahmedabad,501.43,820.66,Van,Clear,Medium,Diesel,78.0,212.89,12.46,6950.02
2023-05-29,Delhi,Mumbai,1126.96,1834.41,Container,Clear,Medium,Diesel,479.29,1451.34,15.77,12310.12
2023-08-31,Delhi,Hyderabad,1325.8,3476.17,Van,Foggy,Medium,Diesel,295.36,739.57,28.66,14384.97
2024-05-05,Pune,Lucknow,1191.29,942.78,Van,Rainy,Medium,CNG,224.87,417.23,15.28,14617.52
2023-10-03,Jaipur,Bangalore,1619.66,1692.71,Truck,Clear,Low,Electric,420.85,225.55,26.17,14768.8
2023-03-24,Chennai,Pune,963.73,2218.73,Truck,Foggy,High,Petrol,391.21,1022.19,20.35,12980.82
2024-03-11,Kolkata,Chennai,1368.29,3267.56,Truck,Rainy,High,Diesel,629.33,1644.31,19.54,22063.09
2023-12-10,Jaipur,Ahmedabad,592.31,2886.36,Container,Stormy,Low,CNG,310.08,675.23,13.87,6588.86
2023-02-21,Lucknow,Ahmedabad,989.76,4909.87,Van,Cloudy,Low,Petrol,193.69,488.93,19.25,10856.66
2023-12-22,Chennai,Pune,1006.16,3866.33,Van,Foggy,Medium,CNG,230.64,527.95,15.88,13965.67
2023-05-07,Hyderabad,Pune,556.07,1076.43,Van,Rainy,Low,CNG,92.39,198.46,7.79,7759.03
2024-03-25,Pune,Kolkata,1699.78,1510.77,Van,Rainy,High,CNG,381.53,724.6,28.71,19652.69
2024-03-06,Kolkata,Jaipur,1424.54,2477.32,Container,Clear,Low,Diesel,555.45,1195.89,27.81,20876.07
2024-04-01,Jaipur,Chennai,1642.72,1583.12,Van,Clear,High,Diesel,309.2,840.9,40.32,19765.39
2023-10-06,Mumbai,Ahmedabad,428.32,4491.16,Container,Rainy,Low,CNG,232.75,439.05,5.65,7290.18
2023-03-10,Bangalore,Pune,675.6,4171.76,Van,Rainy,High,CNG,186.7,395.27,11.53,9904.56
2024-03-10,Pune,Hyderabad,520.8,3897.69,Container,Clear,High,Petrol,294.04,698.43,6.63,9694.71
2023-10-17,Bangalore,Lucknow,1645.12,3778.21,Truck,Foggy,Low,Petrol,579.26,1319.36,21.11,22643.74
2023-04-29,Bangalore,Jaipur,1593.52,1298.43,Van,Clear,Low,Electric,225.05,125.73,37.48,17518.32
2024-04-14,Mumbai,Kolkata,1778.55,4718.25,Container,Cloudy,Medium,Electric,987.78,495.39,30.57,17165.7
2024-03-03,Hyderabad,Delhi,1285.76,4180.03,Container,Stormy,High,CNG,962.89,1746.33,18.45,17584.02
2023-09-22,Lucknow,Bangalore,1585.96,4283.16,Van,Foggy,Medium,Diesel,374.47,853.86,31.68,25627.55
2024-02-10,Chennai,Lucknow,1545.08,3156.56,Van,Cloudy,Medium,Electric,306.83,179.53,26.06,20473.86
2023-09-21,Jaipur,Bangalore,1465.42,3042.6,Van,Rainy,Low,Diesel,286.69,774.36,22.29,15414.38
2023-12-05,Bangalore,Chennai,334.97,3363.31,Van,Stormy,High,Diesel,94.56,263.09,6.81,6263.45
2023-10-30,Delhi,Jaipur,215.59,2577.01,Container,Foggy,Medium,Petrol,112.06,271.23,4.64,4270.87
2023-03-10,Mumbai,Kolkata,1751.79,4100.32,Truck,Rainy,High,Petrol,856.29,1809.8,26.88,16545.05
2023-09-22,Lucknow,Bangalore,1597.46,3798.82,Truck,Rainy,Medium,Petrol,675.99,1342.84,20.39,21381.3
2023-08-18,Lucknow,Mumbai,1183.63,2099.23,Container,Cloudy,Low,Petrol,469.91,1133.75,18.42,14424.47
2024-02-11,Ahmedabad,Bangalore,1261.12,523.53,Truck,Foggy,High,Petrol,440.91,1166.67,19.92,17126.03
2024-04-17,Lucknow,Jaipur,533.44,4811.33,Van,Rainy,High,CNG,154.07,318.27,9.18,8878.51
2023-04-14,Chennai,Ahmedabad,1323.1,1170.0,Van,Rainy,Low,Diesel,221.69,528.39,21.72,19591.88
2024-04-06,Pune,Bangalore,778.75,4983.5,Container,Clear,Low,Electric,364.64,175.52,12.06,8934.55
2024-04-06,Jaipur,Lucknow,531.83,3749.32,Truck,Clear,Medium,Petrol,186.87,341.27,8.29,9209.94
2023-04-28,Pune,Lucknow,1225.09,2261.87,Van,Cloudy,Low,Electric,197.16,107.77,15.8,15066.17
2023-03-10,Pune,Hyderabad,613.21,514.48,Container,Stormy,Low,Electric,261.93,121.13,12.22,8450.37
2023-04-07,Delhi,Hyderabad,1189.5,4073.89,Container,Stormy,Medium,CNG,782.11,1708.87,29.58,17744.87
2023-12-02,Mumbai,Lucknow,1252.48,2664.38,Truck,Stormy,Low,Electric,458.23,209.97,25.98,18403.45
2023-05-14,Pune,Hyderabad,500.94,3109.93,Truck,Rainy,Medium,CNG,201.4,397.92,6.75,7047.79
2023-10-10,Hyderabad,Kolkata,1331.45,3215.69,Container,Foggy,Low,Electric,632.36,375.83,18.66,16756.13
2023-10-23,Hyderabad,Lucknow,1136.35,1714.19,Container,Foggy,Medium,CNG,550.14,1130.51,21.13,15559.78
2023-02-21,Bangalore,Delhi,1746.81,846.76,Container,Rainy,Medium,Petrol,817.1,2135.22,35.96,19295.78
2024-05-08,Hyderabad,Lucknow,1076.64,4032.04,Container,Clear,Low,Electric,472.11,225.36,16.45,16691.28
2023-05-15,Bangalore,Jaipur,1607.77,2827.71,Container,Foggy,Low,Diesel,741.18,2121.83,32.9,15176.81
2023-12-31,Mumbai,Ahmedabad,382.29,1976.87,Van,Stormy,High,CNG,96.72,184.01,4.87,4200.56
2023-04-10,Bangalore,Jaipur,1518.22,1492.75,Van,Clear,Low,CNG,218.11,417.4,36.72,19263.45
2023-07-04,Jaipur,Chennai,1689.42,4992.56,Container,Rainy,High,Diesel,1234.78,3517.95,34.08,16015.05
2023-07-27,Bangalore,Delhi,1756.65,2395.62,Van,Foggy,Medium,Electric,359.96,190.36,27.69,21617.5
2023-06-27,Delhi,Bangalore,1808.21,1032.51,Container,Cloudy,High,CNG,850.96,1746.95,23.03,18481.86
2023-05-14,Lucknow,Chennai,1587.01,2227.25,Van,Foggy,High,Diesel,362.63,942.28,33.77,19433.58
2024-02-16,Jaipur,Delhi,340.94,1330.14,Container,Cloudy,Medium,Diesel,145.76,450.93,5.63,4007.57
2024-01-30,Jaipur,Kolkata,1406.24,617.89,Container,Foggy,Medium,Electric,617.08,272.3,28.28,14902.35
2023-05-13,Ahmedabad,Jaipur,567.27,1844.27,Container,Clear,Medium,Diesel,241.46,532.68,13.28,7976.54
2023-12-25,Chennai,Kolkata,1436.07,4288.7,Van,Foggy,Medium,Diesel,339.21,891.37,19.6,16128.54
2023-09-01,Delhi,Ahmedabad,832.33,2561.84,Container,Cloudy,Low,Petrol,343.08,750.29,15.84,9213.03
2023-05-01,Lucknow,Kolkata,894.7,862.71,Truck,Rainy,Medium,Petrol,298.04,684.93,12.89,13054.81
2023-03-21,Chennai,Kolkata,1383.05,2465.83,Truck,Rainy,High,CNG,597.68,1365.0,19.44,13457.89
2024-03-10,Delhi,Jaipur,291.72,1215.09,Container,Clear,High,Diesel,132.91,383.92,4.92,4208.7
2023-07-23,Ahmedabad,Kolkata,1703.76,3881.19,Van,Rainy,High,CNG,461.18,921.69,34.85,22448.16
2023-09-15,Mumbai,Lucknow,1261.09,810.31,Van,Foggy,High,Diesel,254.76,691.06,23.4,18089.23
2023-12-19,Bangalore,Jaipur,1555.37,1677.68,Truck,Stormy,Medium,CNG,603.42,1146.79,38.56,20621.16
2023-04-06,Pune,Delhi,1204.17,1622.96,Van,Cloudy,High,CNG,238.81,453.04,19.44,12443.72
2023-04-18,Ahmedabad,Hyderabad,952.71,2523.83,Van,Rainy,Medium,Electric,205.82,94.64,16.78,13899.93
2023-10-22,Hyderabad,Ahmedabad,880.72,781.94,Van,Foggy,Low,Petrol,136.5,314.88,13.06,12456.31
2023-03-16,Kolkata,Chennai,1263.21,2063.04,Container,Foggy,Medium,Petrol,629.77,1583.37,17.54,17667.77
2024-04-02,Ahmedabad,Mumbai,451.73,3020.76,Truck,Foggy,Medium,Petrol,172.86,402.8,6.11,6759.08
2023-07-23,Hyderabad,Jaipur,1021.04,3788.69,Van,Cloudy,High,Diesel,240.22,609.73,23.23,11230.14
2023-05-14,Chennai,Hyderabad,461.46,3043.99,Van,Clear,Medium,CNG,86.53,177.38,8.48,7023.78
2024-03-20,Kolkata,Pune,1695.26,3238.37,Truck,Foggy,Low,CNG,573.53,1108.68,25.23,22367.53
2023-12-11,Lucknow,Jaipur,532.26,1180.61,Truck,Cloudy,Medium,CNG,159.69,300.02,8.81,7734.99
2023-11-20,Ahmedabad,Delhi,769.92,4327.77,Van,Stormy,Medium,Electric,206.15,94.72,9.84,13002.72
2024-03-10,Hyderabad,Ahmedabad,957.9,1016.46,Container,Stormy,High,Electric,557.31,352.87,12.56,8701.93
2023-12-30,Hyderabad,Chennai,538.42,804.51,Van,Cloudy,High,CNG,99.26,205.91,10.62,7139.3
2023-07-31,Kolkata,Jaipur,1495.75,867.76,Van,Stormy,High,Electric,343.4,202.8,32.03,21343.73
2023-04-18,Bangalore,Kolkata,1547.86,1245.99,Container,Cloudy,High,Diesel,742.53,1408.63,33.16,14122.0
2023-09-26,Delhi,Jaipur,224.29,2352.94,Container,Clear,Low,Electric,86.58,51.99,3.18,3101.49
2023-05-07,Kolkata,Bangalore,1632.43,780.23,Truck,Foggy,Medium,Petrol,517.18,1440.5,23.49,18513.52
2023-12-06,Bangalore,Chennai,367.16,2566.58,Container,Rainy,Low,Diesel,173.02,466.35,6.77,6572.99
2023-03-11,Ahmedabad,Jaipur,527.93,1241.18,Container,Cloudy,High,Electric,253.15,116.46,6.7,7422.12
2024-04-10,Bangalore,Jaipur,1618.47,2837.24,Container,Stormy,Medium,CNG,970.66,1738.4,30.03,20480.49
2023-03-21,Delhi,Jaipur,262.86,4458.12,Van,Cloudy,Medium,CNG,57.36,108.48,5.04,4332.13
2023-12-19,Bangalore,Pune,724.61,2530.58,Van,Foggy,High,Diesel,169.68,477.99,9.42,11865.36
2024-02-12,Ahmedabad,Kolkata,1797.83,2924.16,Truck,Foggy,Medium,Petrol,682.87,1565.14,44.62,20547.0
2024-01-02,Pune,Lucknow,1165.18,3455.51,Van,Foggy,Low,Petrol,225.37,520.33,16.77,14227.92
2023-09-22,Pune,Chennai,912.06,3990.25,Van,Clear,Medium,Petrol,183.42,472.37,12.92,15101.13
2023-04-07,Kolkata,Hyderabad,1146.85,4067.84,Container,Stormy,Medium,Electric,753.74,384.43,15.47,12673.05
2023-05-20,Kolkata,Delhi,1516.95,4090.61,Container,Foggy,High,Electric,998.6,553.23,22.3,19405.28
2023-04-06,Hyderabad,Mumbai,688.55,2898.63,Truck,Clear,High,Diesel,256.57,674.42,8.73,8317.44
2023-03-19,Bangalore,Jaipur,1584.61,4069.68,Container,Clear,Low,Diesel,696.72,1709.18,39.04,17120.87
2023-06-19,Pune,Kolkata,1713.63,4577.64,Van,Cloudy,Medium,Diesel,377.05,967.27,39.66,25001.24
2023-04-03,Bangalore,Mumbai,839.57,1329.01,Van,Foggy,Low,Electric,136.73,65.6,17.61,12326.73
2023-05-07,Pune,Mumbai,139.85,1184.47,Truck,Rainy,Medium,Electric,47.97,25.81,2.01,1743.83
2023-12-15,Ahmedabad,Delhi,909.78,875.59,Container,Rainy,Medium,Electric,426.7,190.57,11.6,13678.28
2023-05-10,Bangalore,Mumbai,865.88,2773.43,Container,Stormy,High,Diesel,584.12,1603.21,14.61,10124.92
2023-11-21,Hyderabad,Mumbai,646.3,4928.5,Container,Rainy,Low,Petrol,361.81,873.59,11.27,7702.78
2023-10-25,Kolkata,Delhi,1480.73,1246.8,Van,Rainy,Low,Diesel,249.8,765.36,20.76,17395.42
2023-09-13,Lucknow,Bangalore,1575.07,1230.05,Van,Clear,Low,Petrol,221.1,561.09,36.08,20036.5
2023-03-06,Mumbai,Delhi,1168.72,2873.3,Van,Rainy,High,Diesel,293.38,765.28,19.64,13377.64
2023-07-03,Jaipur,Hyderabad,1128.15,857.33,Van,Rainy,Low,Electric,183.73,94.86,16.36,11433.64
2023-10-05,Mumbai,Jaipur,887.59,4361.8,Container,Foggy,High,CNG,595.54,1224.27,13.08,10460.76
2023-05-21,Bangalore,Lucknow,1592.85,3696.09,Van,Cloudy,High,Electric,372.23,210.64,21.32,21266.16
2023-06-01,Jaipur,Bangalore,1545.2,4197.37,Truck,Stormy,Low,Electric,633.76,254.92,21.23,20318.45
2024-03-28,Ahmedabad,Mumbai,333.29,2723.96,Container,Stormy,Medium,Petrol,198.12,429.84,8.18,6027.25
2023-04-08,Lucknow,Chennai,1504.72,1281.93,Van,Clear,High,Electric,275.86,151.62,24.68,17919.48
2023-11-25,Jaipur,Bangalore,1602.41,952.87,Container,Cloudy,Medium,Electric,662.28,349.24,30.3,14375.4
2023-02-24,Delhi,Mumbai,1138.82,2065.74,Truck,Rainy,Low,Petrol,366.42,811.66,19.17,10930.63
2023-01-26,Lucknow,Pune,1294.63,3430.16,Container,Foggy,High,CNG,812.3,1525.07,23.69,17563.46
2024-02-15,Delhi,Mumbai,1091.16,4286.51,Truck,Foggy,Low,Electric,398.38,223.97,16.64,13629.31
2023-09-28,Pune,Hyderabad,549.34,3353.64,Container,Clear,High,CNG,298.01,576.75,13.2,6342.24
2024-01-07,Kolkata,Delhi,1441.91,1962.97,Truck,Stormy,Low,Diesel,498.32,1229.98,29.28,16406.06
2023-10-13,Chennai,Lucknow,1506.41,1286.97,Container,Rainy,High,Petrol,828.89,1953.25,21.53,17072.85
2024-03-28,Delhi,Pune,1166.31,4266.69,Container,Foggy,High,Electric,777.37,409.06,26.41,17933.68
2023-10-01,Jaipur,Pune,999.41,3623.68,Container,Cloudy,High,Petrol,580.79,1161.05,12.5,12906.36
2024-01-27,Hyderabad,Pune,432.35,1456.9,Container,Cloudy,Medium,Electric,186.91,94.63,6.62,6687.59
2024-01-28,Hyderabad,Chennai,542.68,4420.42,Container,Stormy,Low,Electric,317.92,161.81,8.75,9380.12
2023-05-26,Hyderabad,Jaipur,1135.35,3492.43,Van,Foggy,Low,Diesel,220.21,629.54,17.79,14942.69
2023-01-12,Kolkata,Mumbai,1782.73,3518.3,Van,Rainy,Low,CNG,361.49,684.38,25.16,27793.15
2023-02-18,Kolkata,Lucknow,901.95,2511.75,Container,Stormy,High,Petrol,595.99,1397.4,21.73,10716.98
2023-05-12,Bangalore,Hyderabad,555.15,2959.92,Van,Stormy,Low,Petrol,116.91,266.82,7.66,6278.3
2024-02-10,Pune,Chennai,946.02,998.24,Container,Clear,High,CNG,422.69,814.81,15.95,11300.76
2023-02-10,Lucknow,Delhi,447.09,3829.57,Container,Cloudy,Low,Electric,202.88,100.52,6.28,8376.58
2024-01-18,Hyderabad,Pune,518.06,4362.54,Van,Foggy,Low,Petrol,106.96,257.5,7.84,8510.0
2023-06-13,Mumbai,Ahmedabad,465.03,3892.83,Truck,Cloudy,High,Diesel,195.97,511.58,7.55,6153.61
2024-05-12,Jaipur,Chennai,1658.18,1766.85,Truck,Clear,High,Electric,563.67,266.99,28.68,21056.74
2023-03-17,Jaipur,Delhi,265.07,934.41,Truck,Foggy,Medium,Electric,85.18,50.42,5.85,2740.95
2023-07-24,Lucknow,Mumbai,1149.16,3192.61,Container,Foggy,Medium,Diesel,626.55,1629.41,19.13,17014.33
2023-07-22,Bangalore,Chennai,244.62,3844.37,Van,Stormy,Low,Electric,55.03,24.58,3.7,4214.92
2024-02-02,Lucknow,Jaipur,594.1,3169.5,Truck,Rainy,Low,CNG,208.64,441.16,10.39,9185.17
2023-06-28,Lucknow,Delhi,468.63,4075.6,Truck,Foggy,Medium,CNG,193.86,369.73,9.84,6917.04
2023-11-16,Mumbai,Hyderabad,654.43,4979.47,Truck,Cloudy,High,Electric,297.36,141.74,14.28,7930.79
2023-02-27,Chennai,Kolkata,1387.93,786.38,Container,Cloudy,Low,Diesel,491.23,1469.45,19.95,13857.94
2023-06-06,Lucknow,Bangalore,1601.81,1017.2,Van,Clear,Medium,Diesel,253.68,758.97,27.62,13578.13
2023-10-08,Chennai,Lucknow,1578.4,4455.41,Truck,Rainy,High,CNG,790.97,1611.37,26.61,22919.72
2023-05-11,Bangalore,Mumbai,888.97,2436.92,Van,Stormy,High,Diesel,233.56,794.16,18.99,10097.57
2023-02-04,Lucknow,Kolkata,917.56,3982.46,Truck,Foggy,High,Diesel,426.23,933.19,16.52,11074.35
2023-04-29,Hyderabad,Delhi,1310.07,2495.21,Truck,Cloudy,High,Electric,496.54,253.98,16.54,16391.73
2023-04-06,Delhi,Pune,1267.03,3162.64,Van,Stormy,High,Diesel,352.31,1068.35,26.42,20292.26
2023-06-20,Jaipur,Mumbai,877.14,2805.64,Truck,Rainy,High,CNG,389.39,814.55,14.72,12990.51
2023-05-01,Mumbai,Pune,112.65,2694.5,Container,Cloudy,Medium,CNG,53.96,95.85,1.41,3020.06
2024-04-28,Kolkata,Mumbai,1783.45,3202.93,Container,Cloudy,Medium,Diesel,888.52,2415.38,28.67,19367.07
2023-09-24,Bangalore,Pune,744.81,3353.47,Van,Rainy,Low,Electric,149.19,87.24,9.5,10828.34
2024-05-11,Chennai,Ahmedabad,1390.32,2128.34,Truck,Stormy,Low,Electric,487.13,239.08,26.48,18078.32
2023-10-25,Ahmedabad,Lucknow,991.35,1130.11,Truck,Rainy,High,Petrol,382.5,880.31,16.08,14048.09
2024-04-10,Bangalore,Hyderabad,488.79,1382.44,Container,Stormy,Low,Electric,226.02,89.64,6.18,5098.14
2023-04-05,Lucknow,Bangalore,1509.2,1431.47,Van,Clear,High,Diesel,280.35,808.44,28.64,22082.12
2024-01-17,Mumbai,Pune,114.7,534.49,Van,Foggy,Medium,Electric,19.98,10.0,1.48,1902.78
2023-01-14,Kolkata,Bangalore,1586.01,4111.64,Truck,Clear,Low,Petrol,497.36,1062.48,22.5,21538.14
2023-07-03,Kolkata,Chennai,1408.43,1820.7,Container,Rainy,Low,Diesel,624.32,2130.12,32.62,19866.13
2023-04-05,Bangalore,Lucknow,1576.43,891.92,Container,Foggy,High,CNG,802.17,1660.69,21.28,18480.45
2024-01-27,Bangalore,Chennai,252.99,2053.5,Truck,Rainy,Low,Electric,81.32,41.75,3.21,4689.58
2023-04-01,Pune,Chennai,987.18,2720.96,Container,Rainy,Low,Diesel,470.92,1264.75,12.81,16068.83
2023-08-07,Lucknow,Ahmedabad,1001.98,2275.59,Container,Cloudy,Medium,Petrol,464.13,1002.14,17.83,9446.99
2023-09-24,Pune,Hyderabad,439.0,4584.25,Van,Stormy,High,Diesel,135.25,305.06,9.89,7208.18
2023-10-13,Mumbai,Kolkata,1800.84,1892.18,Container,Stormy,Medium,Diesel,1000.53,3092.02,32.45,24998.34
2024-02-01,Mumbai,Kolkata,1738.09,1659.23,Van,Foggy,Medium,CNG,335.0,659.44,23.78,20347.35
2023-08-26,Pune,Kolkata,1679.18,3589.65,Container,Clear,High,Petrol,927.04,2009.82,22.94,20537.67
2023-07-21,Jaipur,Delhi,233.28,2553.06,Truck,Stormy,High,Petrol,109.98,231.41,4.13,3879.07
2023-05-09,Bangalore,Jaipur,1515.97,2385.27,Container,Rainy,Medium,Diesel,809.7,2103.41,28.62,20202.96
2023-11-21,Bangalore,Delhi,1740.6,860.81,Truck,Clear,High,Electric,546.12,275.16,31.93,20737.48
2023-01-23,Pune,Lucknow,1239.45,3508.58,Container,Rainy,Medium,Electric,722.05,354.95,17.52,19584.77
2023-08-03,Lucknow,Bangalore,1529.91,3171.47,Truck,Rainy,Low,Diesel,537.37,1643.33,29.24,21644.61
2024-05-06,Ahmedabad,Kolkata,1764.01,4431.64,Container,Rainy,Low,Petrol,954.66,2372.63,36.66,24015.38
2023-11-08,Kolkata,Mumbai,1731.62,4561.04,Van,Foggy,Medium,Diesel,416.82,1157.46,22.99,19016.87
2023-11-04,Lucknow,Ahmedabad,1024.85,1139.62,Van,Foggy,Medium,Diesel,188.73,468.12,16.01,10524.19
2023-04-05,Jaipur,Kolkata,1475.12,1827.68,Container,Stormy,Low,Diesel,708.79,1860.03,32.12,19460.4
2023-06-19,Mumbai,Chennai,1190.31,696.83,Truck,Stormy,High,CNG,478.18,882.61,15.5,10279.42
2024-05-09,Pune,Bangalore,750.62,2044.25,Truck,Cloudy,High,Petrol,274.23,568.38,12.89,10069.22
2024-02-24,Mumbai,Bangalore,899.08,4305.22,Van,Cloudy,Medium,Electric,194.13,109.56,21.05,12034.61
2023-12-22,Jaipur,Delhi,214.4,3528.35,Van,Foggy,Low,Diesel,41.69,131.58,2.88,3973.42
2023-02-25,Pune,Lucknow,1166.66,4050.43,Truck,Rainy,High,Diesel,568.26,1356.24,18.56,19356.53
2023-08-07,Jaipur,Delhi,316.33,4200.9,Van,Stormy,High,CNG,94.9,179.5,4.92,5331.91
2023-09-24,Jaipur,Hyderabad,1008.2,3119.89,Truck,Stormy,High,Electric,496.77,231.17,14.58,13138.35
2023-03-02,Bangalore,Kolkata,1666.69,3675.14,Container,Cloudy,Low,Diesel,747.87,1671.07,40.69,22468.18
2023-06-20,Delhi,Kolkata,1373.95,1250.87,Container,Foggy,Medium,Diesel,638.86,1965.87,25.45,19369.27
2023-05-11,Chennai,Mumbai,1001.12,4505.44,Container,Rainy,High,CNG,707.93,1343.87,13.98,12418.48
2023-06-24,Jaipur,Lucknow,524.46,614.51,Van,Clear,Low,CNG,69.59,129.19,9.39,6591.62
2024-04-14,Mumbai,Chennai,1121.92,2032.72,Truck,Cloudy,Medium,Electric,362.24,206.4,19.02,10270.96
2023-08-25,Bangalore,Jaipur,1552.85,1900.48,Truck,Foggy,High,CNG,613.93,1106.02,21.76,17872.67
2023-10-12,Mumbai,Lucknow,1291.66,2140.67,Van,Stormy,High,CNG,331.27,746.5,21.02,13286.67
2023-06-23,Hyderabad,Pune,623.73,1132.49,Truck,Rainy,Medium,Diesel,212.94,544.3,7.86,8291.46
2023-12-28,Bangalore,Ahmedabad,1223.53,2774.55,Truck,Stormy,Low,CNG,451.53,874.71,16.46,17255.1
2023-08-20,Kolkata,Ahmedabad,1748.57,675.48,Truck,Foggy,Low,CNG,477.04,963.34,23.89,18030.5
2024-02-03,Jaipur,Kolkata,1472.36,1220.11,Truck,Clear,Medium,Diesel,422.18,1089.58,30.62,13343.37
2023-06-24,Jaipur,Mumbai,837.67,4550.37,Van,Stormy,Low,Petrol,198.06,441.28,10.89,13271.4
2023-04-16,Jaipur,Kolkata,1511.63,3213.24,Van,Rainy,Low,Petrol,299.6,668.98,21.91,18560.39
2023-06-20,Jaipur,Delhi,169.73,2031.74,Truck,Cloudy,Low,Diesel,47.65,108.72,2.89,2428.49
2023-06-14,Jaipur,Kolkata,1417.08,2991.7,Truck,Stormy,Medium,Petrol,611.63,1433.06,29.51,15675.14
2023-03-22,Jaipur,Hyderabad,1177.81,4251.42,Van,Clear,Medium,Petrol,241.29,571.34,23.12,11673.98
2023-10-09,Lucknow,Jaipur,482.63,1667.01,Container,Clear,Low,CNG,175.96,322.85,9.15,5172.79
2023-10-04,Kolkata,Chennai,1321.35,4848.88,Truck,Clear,Medium,CNG,501.42,888.6,22.88,14198.37
2023-08-07,Ahmedabad,Mumbai,340.41,3112.1,Truck,Foggy,Low,Diesel,114.07,328.57,6.11,5958.54
2024-02-23,Lucknow,Ahmedabad,1013.34,3318.05,Container,Cloudy,Medium,CNG,509.25,878.47,21.14,15145.4
2024-02-21,Jaipur,Delhi,120.19,4972.32,Van,Stormy,Low,Diesel,29.24,76.13,1.67,4035.48
2024-04-30,Delhi,Jaipur,261.3,3062.2,Van,Foggy,Medium,Petrol,56.42,142.06,5.34,5196.55
2024-02-08,Lucknow,Kolkata,888.79,2278.12,Van,Foggy,Low,CNG,156.87,319.44,11.94,10269.89
2023-09-03,Ahmedabad,Mumbai,437.87,2943.61,Truck,Foggy,Low,CNG,144.84,265.04,7.49,5498.3
2023-06-16,Hyderabad,Bangalore,512.48,2900.24,Container,Clear,Medium,Diesel,237.59,666.52,8.23,5804.41
2023-05-03,Kolkata,Lucknow,932.18,4073.95,Van,Foggy,High,Electric,245.17,126.02,14.38,13069.92
2024-02-06,Ahmedabad,Pune,550.78,4748.19,Truck,Cloudy,Low,Electric,189.54,91.27,6.95,8967.17
2024-01-14,Hyderabad,Lucknow,1078.92,4914.44,Container,Rainy,Low,Diesel,603.43,1427.56,13.97,15425.11
2023-10-12,Ahmedabad,Delhi,862.96,3149.29,Container,Stormy,Medium,CNG,530.13,1023.17,19.65,11167.71
2023-06-17,Kolkata,Ahmedabad,1681.28,1414.5,Truck,Stormy,Low,Electric,554.4,253.84,28.13,21926.89
2024-01-23,Delhi,Kolkata,1393.51,2800.74,Truck,Stormy,High,Diesel,669.91,2042.13,30.38,14003.95
2023-04-11,Jaipur,Kolkata,1612.58,4395.1,Van,Stormy,High,Electric,490.38,238.58,33.44,25002.56
2023-11-10,Kolkata,Hyderabad,1235.64,4223.84,Van,Cloudy,Low,Diesel,230.68,635.87,15.55,15493.14
2023-01-01,Bangalore,Hyderabad,520.53,4802.21,Truck,Cloudy,High,Diesel,233.72,719.81,7.64,9555.93
2023-12-26,Hyderabad,Delhi,1255.91,4342.83,Van,Clear,Low,Electric,225.17,110.88,19.75,17715.22
2023-12-06,Pune,Ahmedabad,577.99,4518.91,Van,Foggy,High,Petrol,156.82,354.85,12.31,7446.03
2024-03-22,Jaipur,Pune,985.52,3319.67,Van,Foggy,Low,CNG,188.7,258.43,14.75,10470.34
2024-05-14,Delhi,Mumbai,1264.93,3752.18,Truck,Foggy,High,Electric,577.92,281.98,15.89,12745.22
2023-08-21,Pune,Jaipur,917.2,1847.28,Container,Stormy,Medium,Petrol,507.66,1220.43,15.19,11805.62
2023-11-06,Ahmedabad,Pune,576.97,1754.42,Van,Rainy,Low,Electric,101.73,48.16,14.32,7504.91
2023-01-18,Chennai,Lucknow,1577.3,1825.79,Van,Foggy,High,CNG,348.57,710.93,19.93,19804.28
2023-03-14,Hyderabad,Delhi,1291.53,1142.83,Container,Foggy,High,Diesel,672.34,1930.84,18.66,15662.78
2023-05-06,Kolkata,Jaipur,1516.8,3463.43,Container,Clear,High,Diesel,829.62,2391.08,25.75,21741.03
2024-04-07,Delhi,Lucknow,503.08,3261.22,Container,Cloudy,High,Diesel,284.58,796.96,9.36,8396.87
2023-08-04,Ahmedabad,Jaipur,558.9,849.42,Container,Foggy,High,CNG,283.29,501.12,10.33,8721.25
2024-01-08,Kolkata,Hyderabad,1156.37,797.04,Truck,Clear,High,CNG,360.69,585.5,16.2,11757.68
2024-02-19,Ahmedabad,Bangalore,1207.6,4137.06,Container,Clear,High,CNG,693.55,1304.05,17.38,11960.1
2023-05-10,Ahmedabad,Delhi,808.16,1848.05,Truck,Stormy,Low,CNG,276.62,569.29,17.84,8978.82
2024-04-10,Kolkata,Mumbai,1762.3,4075.32,Container,Clear,High,Petrol,1007.7,2137.59,27.68,18000.49
2023-09-06,Ahmedabad,Hyderabad,898.07,828.06,Truck,Cloudy,High,Petrol,294.97,687.01,19.01,10913.99
2024-03-04,Mumbai,Pune,100.0,1545.73,Truck,Rainy,High,Petrol,40.03,85.41,1.67,2268.37
2023-04-18,Pune,Chennai,977.02,4681.53,Container,Foggy,High,Petrol,670.14,1450.52,15.48,15914.38
2023-07-24,Mumbai,Hyderabad,691.75,1946.73,Truck,Clear,Low,Electric,183.65,90.04,11.71,8813.58
2023-03-16,Jaipur,Chennai,1536.71,3382.14,Van,Foggy,Medium,CNG,339.96,650.78,25.1,18661.16
2023-02-19,Kolkata,Jaipur,1479.78,2110.16,Van,Cloudy,High,Diesel,305.77,842.18,19.29,19496.0
2023-05-11,Pune,Kolkata,1629.2,4498.97,Van,Cloudy,Medium,Diesel,356.54,987.54,24.62,19744.01
2023-06-10,Chennai,Kolkata,1233.45,3136.39,Container,Cloudy,High,Petrol,691.16,1625.94,19.93,17244.85
2023-12-17,Delhi,Mumbai,1134.63,3571.78,Van,Clear,High,Diesel,250.23,683.31,19.62,12605.67
2023-01-30,Kolkata,Hyderabad,1278.74,4201.41,Truck,Clear,Low,Diesel,403.55,976.23,16.49,18208.04
2023-07-12,Chennai,Delhi,1781.11,2840.76,Container,Clear,Low,Petrol,714.71,1877.12,26.88,26888.92
2023-08-28,Lucknow,Bangalore,1604.05,1721.34,Truck,Rainy,Medium,CNG,576.58,1061.64,24.15,14543.24
2024-02-04,Ahmedabad,Kolkata,1662.01,1102.23,Van,Cloudy,Medium,Petrol,278.51,641.55,38.69,22888.12
2023-04-02,Pune,Ahmedabad,493.49,3868.9,Van,Clear,Medium,CNG,98.39,193.78,8.56,7581.05
2023-10-04,Chennai,Ahmedabad,1364.29,1742.76,Truck,Foggy,Low,Petrol,409.41,947.2,19.28,13871.27
2023-02-07,Delhi,Jaipur,230.31,4277.02,Container,Cloudy,Low,Diesel,107.89,293.64,5.38,5153.97
2024-04-22,Ahmedabad,Mumbai,396.46,958.52,Van,Rainy,High,Diesel,84.72,252.6,9.55,4734.58
2023-09-02,Bangalore,Pune,675.34,4292.2,Van,Stormy,Low,Electric,156.85,72.0,11.76,11538.93
2023-03-04,Delhi,Lucknow,525.22,4513.42,Truck,Clear,Medium,Electric,194.81,90.94,8.38,9896.26
2023-11-20,Hyderabad,Pune,571.7,2197.93,Container,Cloudy,Medium,Diesel,263.14,695.54,7.16,8262.12
2023-11-28,Hyderabad,Lucknow,1081.87,2244.42,Van,Clear,Medium,CNG,190.42,442.63,22.48,13976.31
2023-09-07,Pune,Chennai,1004.51,519.63,Van,Foggy,Low,CNG,151.9,321.99,23.15,12745.47
2023-09-08,Chennai,Bangalore,323.42,3498.73,Truck,Rainy,Low,Petrol,116.42,246.97,5.82,6131.38
2023-06-23,Kolkata,Jaipur,1481.21,1841.23,Container,Foggy,Low,Diesel,630.32,1722.59,35.06,20938.38
2024-04-26,Mumbai,Ahmedabad,449.54,3398.67,Truck,Rainy,High,Electric,208.81,101.43,6.7,8046.8
2023-09-08,Bangalore,Kolkata,1594.5,4805.6,Truck,Clear,High,Petrol,681.99,1504.48,24.1,20418.28
2023-11-20,Lucknow,Mumbai,1101.79,2559.65,Truck,Rainy,Low,Petrol,369.02,853.87,26.23,12464.54
2024-02-23,Delhi,Jaipur,219.18,2164.16,Container,Rainy,High,Diesel,129.98,305.81,3.01,3010.71
2024-02-20,Lucknow,Chennai,1591.4,4326.57,Truck,Rainy,Medium,CNG,699.18,1312.99,21.67,23114.84
2023-06-14,Pune,Hyderabad,560.27,2625.27,Truck,Stormy,High,Petrol,265.65,543.77,7.63,8905.22
2023-03-14,Mumbai,Chennai,1042.75,3550.16,Van,Clear,Low,CNG,176.62,355.15,14.83,11343.75
2023-03-10,Hyderabad,Lucknow,1007.46,1114.7,Truck,Foggy,Low,Diesel,286.16,829.64,22.9,14592.9
2023-01-04,Lucknow,Pune,1277.59,1920.32,Truck,Clear,Medium,Diesel,389.19,1127.53,31.71,19463.39
2023-04-16,Lucknow,Kolkata,890.8,3709.43,Van,Foggy,High,Petrol,228.22,613.78,19.48,10670.62
2023-11-02,Ahmedabad,Pune,529.31,1793.34,Truck,Rainy,High,Diesel,216.4,571.36,11.21,6983.37
2023-04-09,Delhi,Hyderabad,1238.57,1001.8,Van,Foggy,Low,Petrol,195.88,445.12,27.71,15006.33
2024-01-30,Delhi,Pune,1099.23,4259.66,Container,Stormy,Low,Electric,636.78,322.18,16.9,12524.94
2023-09-12,Mumbai,Kolkata,1750.81,2717.89,Truck,Rainy,High,Electric,771.91,347.58,37.21,23578.48
2023-08-11,Mumbai,Delhi,1206.03,3178.09,Container,Cloudy,Medium,Petrol,599.72,1051.5,24.09,16444.6
2023-03-22,Ahmedabad,Mumbai,438.42,4835.75,Truck,Clear,High,Petrol,187.9,422.64,6.14,7413.81
2023-08-03,Delhi,Bangalore,1848.06,1903.39,Truck,Foggy,High,CNG,730.83,1448.47,38.54,24492.18
2023-05-02,Hyderabad,Chennai,552.75,2845.83,Truck,Cloudy,Low,Diesel,165.68,475.91,7.95,9210.77
2023-01-28,Pune,Chennai,921.49,1695.12,Truck,Foggy,High,Electric,358.03,182.46,12.19,9154.44
2023-08-23,Lucknow,Ahmedabad,1027.03,2066.43,Truck,Foggy,Medium,Petrol,364.2,971.63,14.93,13793.15
2023-05-24,Kolkata,Chennai,1433.86,4883.87,Van,Rainy,Low,Diesel,320.12,741.98,31.54,22460.83
2023-11-06,Ahmedabad,Pune,528.37,4011.69,Truck,Cloudy,Low,CNG,172.74,343.3,11.42,9171.53
2023-07-30,Lucknow,Bangalore,1470.76,1863.12,Container,Stormy,Low,Diesel,708.82,1721.77,19.8,17734.21
2024-01-12,Chennai,Jaipur,1608.59,3863.5,Van,Cloudy,Low,Electric,292.7,122.3,21.48,17591.04
2023-08-02,Pune,Chennai,898.63,4810.05,Container,Rainy,High,Diesel,648.8,1731.62,11.35,9846.01
2023-09-03,Ahmedabad,Lucknow,1022.98,4832.46,Truck,Foggy,High,Electric,504.09,257.86,14.13,15588.69
2023-12-21,Delhi,Jaipur,236.42,1514.22,Van,Rainy,Low,Diesel,40.83,102.32,3.41,4220.58
2023-01-09,Bangalore,Pune,723.87,3300.86,Van,Rainy,High,Diesel,187.75,487.18,12.23,8986.04
2023-04-05,Ahmedabad,Mumbai,459.04,1161.33,Van,Foggy,Low,Electric,73.65,42.03,6.41,5443.28
2023-09-29,Ahmedabad,Mumbai,464.29,2246.75,Container,Clear,Medium,CNG,204.34,441.62,11.24,6221.89
2023-11-14,Kolkata,Lucknow,891.77,2053.36,Container,Rainy,High,Diesel,524.0,1523.5,11.85,12753.71
2023-07-16,Mumbai,Lucknow,1231.72,2614.95,Container,Cloudy,Low,Diesel,509.84,1430.1,22.55,16499.42
2023-10-15,Hyderabad,Pune,545.66,779.91,Truck,Stormy,High,Diesel,220.91,628.74,7.98,5537.17
2024-01-13,Hyderabad,Chennai,475.23,1104.24,Container,Clear,High,Electric,214.38,129.59,6.13,6283.75
2023-05-22,Chennai,Kolkata,1386.32,1588.52,Van,Cloudy,Medium,Electric,242.49,128.33,32.87,15502.67
2023-12-30,Ahmedabad,Jaipur,661.41,843.08,Container,Stormy,Low,Electric,291.35,145.77,10.79,9534.21
2023-04-07,Kolkata,Jaipur,1518.86,2568.49,Container,Cloudy,High,Diesel,814.3,2047.53,20.07,18303.2
2023-03-26,Delhi,Ahmedabad,696.06,697.55,Truck,Cloudy,Low,Diesel,173.74,537.03,13.64,9313.74
2023-05-31,Ahmedabad,Bangalore,1237.19,1441.33,Truck,Stormy,High,Diesel,531.6,1249.15,21.83,16527.97
2023-05-30,Bangalore,Jaipur,1538.92,4822.82,Van,Foggy,Medium,Diesel,377.1,1070.1,32.36,14960.13
2023-12-02,Chennai,Lucknow,1532.04,1667.94,Container,Cloudy,Medium,CNG,674.53,1352.01,23.27,16589.7
2023-10-18,Lucknow,Jaipur,673.9,828.87,Container,Foggy,Medium,CNG,301.59,505.34,14.88,9529.22
2024-01-30,Bangalore,Hyderabad,507.93,1355.48,Truck,Foggy,Medium,CNG,169.51,330.21,6.88,5268.62
2023-04-04,Kolkata,Jaipur,1498.07,3907.9,Truck,Stormy,Low,CNG,601.9,1169.92,18.98,22740.19
2023-10-22,Bangalore,Chennai,293.06,3732.49,Truck,Clear,Low,CNG,89.43,151.93,6.5,4744.91
2024-05-15,Bangalore,Kolkata,1637.46,3499.7,Container,Clear,High,CNG,898.02,1516.86,30.46,19123.93
2023-07-27,Jaipur,Bangalore,1571.99,3972.32,Container,Cloudy,Low,Diesel,720.7,1699.1,20.35,23018.75
2023-11-28,Ahmedabad,Hyderabad,891.38,540.67,Truck,Clear,High,CNG,271.43,526.54,13.07,10358.36
2024-01-10,Kolkata,Bangalore,1632.39,1529.05,Container,Foggy,Medium,Diesel,777.79,2041.24,27.59,14281.66
2023-08-17,Jaipur,Delhi,184.19,1947.51,Van,Clear,Medium,Petrol,31.63,77.49,3.39,2868.05
2023-04-11,Lucknow,Chennai,1553.12,929.3,Container,Stormy,Low,CNG,689.59,1433.34,37.97,18743.16
2023-06-12,Ahmedabad,Delhi,784.82,2664.01,Container,Foggy,Low,Electric,357.18,177.41,12.24,10420.89
2023-07-09,Mumbai,Pune,100.0,1799.98,Van,Rainy,High,Electric,23.01,11.89,1.8,1708.52
2023-04-21,Hyderabad,Pune,566.37,4969.65,Van,Foggy,High,Diesel,158.44,416.92,8.19,8776.9
2024-01-09,Pune,Jaipur,888.64,3894.19,Van,Rainy,High,Electric,240.76,101.08,11.71,9924.38
2024-03-20,Lucknow,Delhi,380.53,4043.97,Truck,Rainy,Medium,Electric,163.89,90.2,6.24,5959.65
2023-08-01,Lucknow,Pune,1234.18,2113.6,Truck,Clear,Medium,CNG,382.06,624.12,26.26,14922.62
2023-10-11,Lucknow,Bangalore,1523.87,1362.17,Truck,Rainy,Medium,CNG,530.98,1105.37,25.56,21648.96
2023-04-25,Kolkata,Hyderabad,1162.07,675.18,Van,Stormy,High,Electric,262.06,131.46,28.29,9654.07
2023-08-02,Kolkata,Hyderabad,1218.03,4777.07,Container,Foggy,Low,CNG,646.84,1340.99,25.82,19864.33
2023-11-03,Chennai,Mumbai,979.39,3110.4,Truck,Cloudy,Medium,Diesel,344.55,1106.52,14.03,13373.96
2023-07-11,Lucknow,Pune,1294.72,1771.23,Van,Foggy,High,Diesel,284.81,771.24,21.4,16456.98
2023-08-25,Kolkata,Bangalore,1640.43,4759.05,Container,Clear,Low,CNG,756.6,1425.16,21.83,17058.91
2023-01-25,Bangalore,Mumbai,846.85,4011.64,Van,Cloudy,Medium,CNG,179.1,379.47,16.41,11920.12
2023-10-06,Delhi,Lucknow,455.81,1421.06,Truck,Rainy,Low,Petrol,138.82,209.36,8.62,5365.93
2024-02-26,Kolkata,Hyderabad,1175.77,1992.04,Container,Cloudy,Low,CNG,462.65,930.18,25.7,11529.29
2023-02-22,Kolkata,Pune,1653.63,820.21,Van,Foggy,Medium,Petrol,295.79,713.6,33.94,19465.97
2023-08-02,Chennai,Lucknow,1399.43,4148.95,Container,Stormy,High,Diesel,1045.71,2858.27,23.95,14018.35
2023-03-13,Bangalore,Mumbai,832.38,3621.28,Van,Cloudy,Medium,CNG,171.13,363.8,11.45,13653.76
2023-01-15,Lucknow,Jaipur,606.7,1182.18,Van,Rainy,High,CNG,132.29,287.25,8.69,5948.32
2023-04-18,Bangalore,Chennai,302.78,1771.13,Container,Rainy,Medium,Petrol,153.7,392.41,6.7,3474.37
2023-04-11,Delhi,Bangalore,1721.95,1075.4,Truck,Foggy,Medium,Diesel,560.48,1489.85,38.86,23872.54
2023-02-03,Jaipur,Mumbai,962.37,745.85,Van,Clear,Medium,Diesel,148.66,296.48,18.48,8141.12
2023-04-05,Delhi,Bangalore,1692.8,1536.87,Container,Rainy,High,Petrol,952.07,1960.48,25.33,14657.54
2024-03-13,Bangalore,Hyderabad,560.66,4317.91,Container,Cloudy,Medium,Petrol,302.91,757.15,9.34,9503.59
2023-09-28,Chennai,Lucknow,1443.35,1963.83,Container,Clear,Low,Diesel,539.63,1348.21,29.65,14464.03
2024-04-18,Kolkata,Bangalore,1644.65,1317.26,Container,Clear,High,Diesel,756.15,2143.95,33.87,19620.39
2023-12-11,Ahmedabad,Hyderabad,946.2,4130.12,Container,Stormy,Low,Electric,543.15,264.74,12.08,10832.47
2023-07-28,Hyderabad,Ahmedabad,980.01,3474.56,Van,Rainy,High,Petrol,257.5,492.51,22.02,16331.94
2024-01-26,Delhi,Jaipur,250.97,3691.94,Truck,Stormy,Low,Electric,99.27,45.62,4.61,4360.21
2023-05-26,Mumbai,Bangalore,880.32,3126.98,Van,Foggy,Low,Electric,166.12,78.33,15.11,13142.53
2023-04-07,Ahmedabad,Chennai,1428.12,1834.52,Container,Foggy,Medium,Electric,698.49,296.75,19.23,21286.92
2023-12-11,Ahmedabad,Hyderabad,955.55,961.32,Truck,Clear,High,Electric,302.58,163.45,21.62,11055.14
2024-01-15,Delhi,Bangalore,1846.94,2161.76,Truck,Foggy,Medium,Diesel,660.14,2319.36,23.98,28498.73
2023-03-04,Delhi,Pune,1240.52,2577.72,Truck,Cloudy,Low,Electric,364.07,200.16,25.16,14900.95
2024-01-23,Ahmedabad,Kolkata,1765.18,3780.41,Container,Stormy,High,CNG,1284.66,2616.29,24.66,23967.02
2023-09-19,Pune,Hyderabad,508.03,4131.82,Van,Stormy,Medium,Electric,134.16,71.62,9.93,8861.26
2023-11-18,Delhi,Bangalore,1719.25,2010.25,Van,Foggy,Medium,Petrol,341.35,701.76,22.13,15116.81
2023-11-06,Mumbai,Bangalore,909.22,3029.33,Van,Clear,Low,Electric,148.08,80.98,13.54,9760.48
2023-04-14,Lucknow,Delhi,473.57,2212.33,Truck,Stormy,Medium,Electric,192.14,102.49,9.15,6545.3
2024-05-02,Jaipur,Kolkata,1499.49,3805.0,Container,Cloudy,High,Diesel,883.0,2239.91,21.25,24297.32
2023-08-24,Delhi,Ahmedabad,791.96,4275.49,Van,Cloudy,Medium,Electric,170.64,84.71,19.11,9453.89
2024-01-02,Kolkata,Bangalore,1598.45,1557.38,Van,Foggy,Low,CNG,265.56,538.62,28.77,22114.98
2023-09-01,Lucknow,Ahmedabad,1066.45,2958.94,Container,Stormy,High,Electric,729.87,385.93,17.07,11177.99
2023-11-12,Mumbai,Ahmedabad,530.34,4381.88,Van,Foggy,High,Electric,142.53,71.55,7.91,9279.09
2023-03-07,Kolkata,Pune,1696.54,2987.18,Truck,Clear,High,Diesel,636.52,1616.13,23.09,19209.09
2023-08-08,Lucknow,Mumbai,1193.6,4393.83,Container,Cloudy,Medium,Diesel,648.29,1688.8,22.18,14731.59
2023-11-28,Hyderabad,Mumbai,626.34,1805.2,Container,Rainy,Low,Petrol,277.28,585.25,11.93,6285.7
2023-10-03,Delhi,Hyderabad,1284.61,4085.07,Truck,Cloudy,Low,Diesel,422.19,1223.1,24.22,16464.02
2023-10-29,Pune,Lucknow,1248.03,3072.86,Van,Cloudy,Low,Electric,214.14,92.44,30.52,14285.85
2023-02-21,Lucknow,Pune,1217.34,1794.35,Van,Stormy,Low,Electric,233.31,109.19,18.0,12390.55
2023-07-06,Ahmedabad,Lucknow,970.47,3295.82,Container,Cloudy,Low,CNG,423.38,710.26,12.32,10782.23
2023-06-02,Delhi,Lucknow,534.74,2320.37,Truck,Cloudy,Medium,Diesel,176.78,432.64,6.7,6942.98
2023-05-20,Chennai,Delhi,1742.49,3584.5,Container,Stormy,Low,CNG,961.63,1547.04,40.82,25504.54
2023-09-16,Ahmedabad,Pune,498.09,2182.64,Truck,Cloudy,Low,CNG,141.59,270.19,6.9,6585.41
2023-11-16,Jaipur,Hyderabad,1107.17,3521.66,Truck,Foggy,Medium,CNG,439.97,896.38,18.27,15822.92
2023-04-20,Jaipur,Bangalore,1501.11,2382.5,Truck,Stormy,Low,Electric,536.97,282.47,22.6,21857.5
2024-04-23,Ahmedabad,Kolkata,1733.01,1750.34,Container,Stormy,High,Electric,1075.44,551.72,27.66,22342.44
2023-03-19,Jaipur,Chennai,1588.39,4911.66,Van,Foggy,Low,Petrol,340.48,655.28,22.74,23674.74
2024-03-09,Pune,Ahmedabad,521.34,1307.14,Van,Clear,High,Petrol,95.79,204.49,9.23,7830.31
2023-05-03,Bangalore,Hyderabad,575.48,3670.49,Container,Stormy,Low,Electric,319.6,150.0,12.92,7212.15
2023-08-05,Chennai,Hyderabad,424.67,2289.26,Van,Foggy,High,Electric,97.53,44.23,6.45,4652.03
2023-12-04,Bangalore,Hyderabad,458.37,2673.68,Truck,Clear,Medium,CNG,148.46,268.92,7.39,7071.07
2023-11-05,Mumbai,Jaipur,881.77,3455.4,Truck,Clear,Low,CNG,263.66,460.14,16.98,9174.31
2023-05-01,Pune,Hyderabad,533.54,846.41,Container,Clear,Medium,Petrol,207.97,499.43,12.0,7434.6
2023-09-12,Delhi,Lucknow,446.52,3195.7,Container,Stormy,High,CNG,311.18,587.29,5.92,5914.15
2024-02-17,Delhi,Pune,1261.35,1703.31,Van,Stormy,High,Electric,311.85,175.38,18.04,13025.63
2024-05-11,Pune,Chennai,973.95,3679.83,Truck,Clear,Low,Petrol,296.08,605.4,19.1,12415.65
2023-06-12,Lucknow,Mumbai,1164.67,1719.93,Van,Stormy,Medium,Diesel,255.08,746.93,18.84,14048.68
2024-02-25,Chennai,Hyderabad,567.87,4760.3,Truck,Cloudy,Medium,CNG,224.91,448.18,10.85,9488.59
2023-05-10,Lucknow,Mumbai,1232.67,3144.14,Container,Clear,High,Petrol,658.22,1562.58,19.85,14102.06
2023-01-05,Hyderabad,Delhi,1318.15,2336.68,Container,Rainy,Medium,Electric,701.28,391.65,17.26,15339.5
2024-03-16,Kolkata,Hyderabad,1240.57,1638.96,Truck,Rainy,Medium,Petrol,442.8,996.69,16.41,18697.69
2023-08-30,Hyderabad,Ahmedabad,935.63,2295.66,Truck,Cloudy,Low,Electric,268.43,133.38,13.47,14700.89
2023-09-17,Hyderabad,Ahmedabad,887.76,3526.07,Truck,Rainy,High,CNG,416.27,841.53,20.81,11480.53
2023-11-19,Jaipur,Hyderabad,1097.99,916.81,Van,Clear,Low,Petrol,149.83,340.08,19.02,14169.79
2023-02-26,Mumbai,Ahmedabad,455.21,2453.09,Truck,Cloudy,Medium,Diesel,152.11,415.39,9.83,6513.56
2023-05-14,Bangalore,Ahmedabad,1225.38,3755.52,Van,Foggy,Medium,Petrol,278.65,540.26,26.11,16767.58
2023-04-04,Hyderabad,Kolkata,1239.18,3259.81,Truck,Clear,Medium,CNG,419.91,807.56,22.23,14816.27
2024-04-09,Lucknow,Chennai,1465.03,3713.24,Truck,Clear,High,Petrol,580.39,1433.16,33.63,18319.12
2023-11-04,Kolkata,Bangalore,1619.43,561.85,Truck,Foggy,High,Electric,568.24,300.26,32.13,14245.95
2024-01-31,Hyderabad,Bangalore,460.61,1718.63,Container,Clear,Low,Electric,168.68,78.51,6.0,6007.04
2023-05-28,Ahmedabad,Delhi,891.9,3230.29,Truck,Rainy,Low,CNG,314.67,592.1,12.77,11135.79
2023-08-03,Pune,Chennai,904.37,4781.71,Container,Rainy,Medium,Petrol,576.5,1363.61,19.15,14642.64
2024-04-09,Mumbai,Hyderabad,670.67,4203.43,Van,Rainy,High,Electric,185.75,97.08,13.43,10203.64
2024-05-13,Ahmedabad,Delhi,810.45,1401.27,Truck,Foggy,Low,CNG,236.14,492.13,11.97,11080.87
2023-02-18,Pune,Ahmedabad,590.55,3820.63,Container,Stormy,Medium,Diesel,381.31,1091.53,9.48,6850.14
2023-01-03,Chennai,Jaipur,1575.58,2170.01,Van,Stormy,High,Diesel,405.07,1089.7,31.42,20523.94
2023-10-25,Kolkata,Ahmedabad,1761.37,2922.49,Container,Cloudy,Low,Diesel,746.86,2154.99,37.34,17646.59
2023-12-30,Ahmedabad,Hyderabad,867.73,4529.06,Van,Rainy,Low,CNG,189.11,316.21,14.17,10067.64
2024-01-18,Delhi,Pune,1241.77,2544.55,Truck,Rainy,Medium,CNG,477.71,986.17,22.82,14944.87
2023-06-11,Kolkata,Hyderabad,1171.46,3674.57,Container,Cloudy,Medium,Petrol,604.47,1493.09,16.86,15237.47
2023-03-18,Bangalore,Lucknow,1503.66,3421.95,Container,Foggy,Low,Petrol,725.29,1334.39,35.65,15667.96
2024-04-03,Ahmedabad,Kolkata,1726.2,2497.64,Truck,Foggy,Medium,Diesel,634.02,1845.23,22.39,15551.33
2024-03-09,Hyderabad,Lucknow,1050.63,2709.93,Van,Foggy,Medium,Diesel,220.75,591.85,15.27,10848.87
2024-01-19,Hyderabad,Delhi,1241.12,3448.28,Truck,Cloudy,Low,Petrol,389.46,1029.52,20.57,14023.11
2023-08-02,Lucknow,Chennai,1494.68,1222.08,Container,Clear,High,Petrol,681.42,1496.58,19.46,15143.98
2023-07-21,Ahmedabad,Delhi,846.17,4163.57,Van,Clear,Medium,Diesel,172.28,477.42,15.4,14354.7
2024-03-01,Delhi,Pune,1151.7,1801.34,Truck,Clear,Low,Electric,302.04,156.0,16.86,13982.82
2023-06-16,Kolkata,Mumbai,1707.98,2817.53,Van,Clear,High,Electric,355.75,163.19,21.93,27026.37
2023-06-15,Lucknow,Bangalore,1477.19,2092.05,Truck,Clear,High,CNG,516.02,1054.42,20.54,20554.7
2023-05-03,Jaipur,Pune,979.94,1885.08,Truck,Foggy,Medium,Petrol,342.28,833.94,12.47,14719.09
2023-05-26,Delhi,Mumbai,1109.8,2775.35,Truck,Rainy,Medium,Electric,434.8,187.76,16.84,17680.74
2024-04-07,Bangalore,Delhi,1735.67,2990.17,Van,Foggy,Medium,CNG,372.72,661.52,25.75,16975.55
2024-03-29,Delhi,Pune,1116.38,4364.68,Container,Rainy,Medium,Electric,691.57,346.28,20.11,13211.49
2023-08-11,Lucknow,Pune,1259.95,4364.44,Truck,Foggy,Medium,Petrol,531.89,1287.98,19.32,13081.55
2024-04-21,Jaipur,Hyderabad,1079.7,3247.46,Van,Rainy,High,Petrol,278.91,746.79,18.05,15019.47
2024-04-09,Jaipur,Delhi,270.39,1306.64,Van,Foggy,Medium,Diesel,50.54,122.9,3.75,3385.0
2023-10-19,Bangalore,Hyderabad,447.94,1028.98,Truck,Stormy,Medium,CNG,164.13,342.1,10.69,4338.02
2023-02-18,Mumbai,Lucknow,1292.21,2817.2,Truck,Stormy,Medium,Electric,550.24,300.39,22.06,18261.84
2023-02-28,Kolkata,Pune,1657.89,2094.22,Van,Stormy,Low,Diesel,325.83,910.32,23.81,19682.02
2023-06-10,Bangalore,Ahmedabad,1236.37,2836.51,Truck,Clear,Medium,CNG,405.58,762.56,19.47,15247.06
2023-02-10,Ahmedabad,Kolkata,1682.8,759.79,Van,Rainy,Low,Petrol,271.6,665.03,24.08,20957.77
2023-03-01,Delhi,Ahmedabad,737.77,1487.99,Container,Clear,Low,Electric,264.86,124.95,18.2,10033.0
2023-06-05,Ahmedabad,Pune,525.33,3005.95,Container,Stormy,High,Electric,360.83,188.45,8.11,9286.98
2023-01-08,Hyderabad,Ahmedabad,827.73,2934.07,Van,Clear,Low,Petrol,133.82,251.02,17.38,12816.67
2023-11-29,Chennai,Mumbai,1110.7,1272.62,Truck,Foggy,High,Petrol,415.96,1062.26,22.36,16069.07
2023-08-31,Jaipur,Chennai,1481.96,4417.37,Truck,Cloudy,Medium,Petrol,573.32,1324.82,26.06,15272.49
2023-10-27,Bangalore,Jaipur,1587.82,1019.28,Van,Foggy,Low,Electric,251.51,153.67,31.94,16489.19
2023-08-01,Pune,Mumbai,100.0,2017.43,Van,Clear,Low,Electric,15.02,10.0,1.35,2324.67
2023-09-06,Lucknow,Jaipur,594.36,1428.13,Van,Clear,Medium,Electric,97.64,44.89,9.82,8483.7
2023-08-05,Ahmedabad,Chennai,1438.52,1419.42,Container,Clear,High,Diesel,667.35,1746.53,22.81,17788.95
2023-08-18,Kolkata,Ahmedabad,1619.44,581.56,Van,Clear,Medium,CNG,246.33,490.29,23.85,13482.16
2023-09-17,Kolkata,Chennai,1515.46,3327.92,Van,Cloudy,Medium,Petrol,304.86,625.93,31.06,23431.32
2024-05-06,Hyderabad,Jaipur,1044.35,544.9,Truck,Cloudy,High,Electric,334.05,181.02,18.43,15507.82
2023-12-20,Hyderabad,Jaipur,1113.2,4262.53,Truck,Stormy,Low,CNG,458.67,1046.31,15.91,16234.85
2023-02-21,Bangalore,Chennai,315.38,2682.93,Truck,Rainy,High,Electric,138.66,71.68,4.4,5946.38
2023-01-10,Ahmedabad,Kolkata,1808.5,2530.82,Truck,Rainy,High,Diesel,785.62,1973.72,33.27,19035.13
2023-08-09,Bangalore,Chennai,313.99,4471.52,Container,Clear,Low,CNG,142.0,267.28,7.05,5245.92
2024-01-29,Jaipur,Chennai,1573.75,2245.22,Van,Cloudy,Medium,CNG,290.87,560.7,37.59,23381.68
2023-12-28,Kolkata,Bangalore,1587.68,2937.92,Container,Stormy,High,Diesel,1084.84,3180.86,37.79,24687.05
2024-02-26,Ahmedabad,Delhi,776.32,2189.61,Truck,Stormy,High,Diesel,355.39,972.57,12.42,10062.17
2023-12-29,Bangalore,Delhi,1732.42,4987.32,Truck,Cloudy,Low,CNG,605.84,1333.54,30.05,22488.03
2023-03-04,Delhi,Chennai,1675.45,1490.5,Container,Cloudy,Medium,Petrol,726.45,1782.1,22.66,19298.78
2023-09-16,Pune,Mumbai,100.0,809.21,Truck,Foggy,Medium,CNG,31.77,52.56,2.13,1390.82
2024-02-08,Pune,Hyderabad,498.92,3752.32,Container,Rainy,Low,Electric,257.3,100.28,10.16,8667.65
2024-04-28,Pune,Ahmedabad,584.17,537.64,Van,Stormy,High,CNG,130.04,276.7,14.18,5537.49
2023-07-25,Mumbai,Lucknow,1276.0,2677.95,Truck,Clear,Medium,CNG,413.41,710.78,16.1,13014.69
2024-05-15,Mumbai,Ahmedabad,452.81,799.08,Truck,Rainy,High,Diesel,169.52,523.04,6.94,6283.11
2024-01-05,Jaipur,Kolkata,1499.64,4018.82,Van,Foggy,High,CNG,392.87,873.13,21.51,23551.2
2023-08-17,Mumbai,Hyderabad,687.83,2831.04,Container,Stormy,Low,Electric,358.54,190.46,10.46,11191.75
2024-02-02,Lucknow,Ahmedabad,1042.42,3292.13,Container,Cloudy,High,Electric,591.05,270.08,21.77,12185.71
2023-09-24,Mumbai,Lucknow,1207.39,1377.39,Van,Foggy,High,Petrol,256.71,624.36,15.15,12747.48
2024-01-23,Delhi,Lucknow,488.68,4587.03,Container,Cloudy,High,CNG,304.07,617.22,7.47,6283.1
2023-09-16,Jaipur,Kolkata,1503.85,3443.6,Truck,Cloudy,High,Electric,613.25,350.83,33.86,14383.64
2023-01-25,Hyderabad,Kolkata,1247.92,3345.76,Container,Stormy,Medium,Diesel,778.07,2281.52,17.76,19879.24
2023-05-01,Ahmedabad,Kolkata,1749.06,3723.79,Container,Clear,Medium,CNG,862.63,1469.82,24.22,27963.1
2023-05-26,Lucknow,Jaipur,530.3,1912.22,Container,Rainy,Medium,CNG,272.42,494.04,7.95,8224.2
2023-02-23,Lucknow,Bangalore,1546.53,2411.83,Container,Foggy,High,Petrol,896.78,1929.16,29.12,19882.68
2024-02-29,Hyderabad,Jaipur,1099.95,1345.64,Truck,Rainy,High,Electric,432.63,235.83,19.47,10182.71
2023-07-09,Pune,Bangalore,753.74,2222.59,Van,Rainy,Medium,Diesel,158.92,405.49,11.24,9266.27
2023-11-22,Jaipur,Lucknow,598.22,4083.09,Van,Cloudy,High,Electric,143.75,79.28,10.51,8670.2
2023-09-06,Ahmedabad,Pune,566.03,1688.28,Truck,Rainy,High,Petrol,229.35,471.6,8.27,5885.03
2023-01-17,Jaipur,Lucknow,581.28,1960.3,Truck,Rainy,Medium,Electric,213.2,112.5,8.32,9471.72
2023-07-09,Hyderabad,Delhi,1224.91,3625.88,Container,Foggy,Low,Diesel,599.81,1509.51,19.48,11957.61
2023-05-31,Bangalore,Delhi,1770.32,1690.86,Van,Cloudy,Medium,CNG,312.39,523.18,29.78,24812.8
2023-04-04,Bangalore,Ahmedabad,1299.45,4001.11,Truck,Cloudy,Medium,Petrol,488.2,1188.32,17.86,16842.28
2023-09-04,Delhi,Lucknow,439.02,897.73,Van,Clear,Low,Electric,59.8,31.64,6.98,5699.64
2023-09-16,Hyderabad,Ahmedabad,859.56,2445.56,Van,Stormy,Low,Petrol,173.84,459.18,13.13,12682.18
2023-07-18,Ahmedabad,Bangalore,1264.71,675.41,Container,Cloudy,Low,Electric,443.01,186.84,25.65,13955.77
2023-11-27,Jaipur,Mumbai,866.1,4540.64,Container,Foggy,High,CNG,588.36,1274.35,19.89,10203.15
2023-04-09,Mumbai,Hyderabad,633.81,4554.32,Container,Clear,High,Diesel,374.75,1077.83,8.1,9751.53
2023-03-03,Mumbai,Lucknow,1219.96,3095.16,Truck,Foggy,High,Diesel,530.75,1514.09,18.39,15849.23
2023-02-13,Mumbai,Hyderabad,688.12,4361.1,Truck,Rainy,High,Electric,342.58,181.78,9.52,10608.6
2023-04-03,Pune,Mumbai,120.08,1085.36,Van,Clear,Medium,Electric,19.14,10.0,2.12,2225.94
2023-10-05,Hyderabad,Ahmedabad,905.06,4026.82,Van,Clear,Low,Diesel,158.69,419.57,19.37,10166.43
2023-01-31,Kolkata,Delhi,1332.69,3444.54,Truck,Cloudy,Medium,Petrol,480.78,1181.75,20.64,15418.34
2023-03-14,Mumbai,Delhi,1198.18,3930.36,Van,Foggy,Low,CNG,239.94,527.33,21.2,14269.96
2023-09-10,Pune,Delhi,1239.99,3310.76,Truck,Rainy,Low,Petrol,440.14,1222.1,20.55,15953.63
2023-02-03,Delhi,Hyderabad,1278.25,3114.28,Truck,Cloudy,Medium,Electric,449.81,248.41,21.53,15429.24
2023-05-07,Chennai,Mumbai,1144.84,2251.54,Van,Stormy,High,Diesel,296.3,755.01,16.23,15505.96
2024-03-09,Bangalore,Hyderabad,524.79,4676.82,Container,Foggy,Medium,Diesel,318.32,733.72,8.02,7284.12
2024-05-07,Bangalore,Pune,732.31,2874.55,Container,Rainy,Low,Electric,353.55,186.69,9.58,9611.43
2023-01-01,Mumbai,Jaipur,959.14,3169.21,Container,Cloudy,High,Petrol,538.8,1354.79,22.62,15446.72
2023-10-27,Kolkata,Hyderabad,1235.08,3536.54,Container,Foggy,Medium,Petrol,690.95,1491.86,16.77,14080.98
2023-07-22,Bangalore,Lucknow,1531.49,4737.61,Container,Clear,Medium,Diesel,811.13,2495.9,22.54,23523.97
2024-03-28,Jaipur,Kolkata,1476.85,3608.98,Van,Rainy,High,CNG,391.92,663.25,21.95,17161.41
2023-06-24,Kolkata,Jaipur,1527.35,1738.8,Van,Rainy,High,CNG,349.62,769.25,31.54,23341.25
2023-11-08,Hyderabad,Mumbai,670.48,3196.86,Container,Rainy,High,Diesel,431.35,1037.88,11.35,11193.12
2024-02-08,Bangalore,Ahmedabad,1275.37,2548.27,Container,Foggy,Medium,Diesel,661.4,1616.6,16.99,17291.3
2023-06-30,Jaipur,Mumbai,975.49,1263.78,Container,Foggy,High,Diesel,513.33,1440.9,12.37,11005.9
2023-03-05,Lucknow,Hyderabad,1162.86,4271.7,Van,Rainy,High,Diesel,323.62,941.37,19.88,19059.8
2023-04-09,Ahmedabad,Mumbai,390.37,2308.49,Truck,Clear,Medium,CNG,122.79,311.15,8.95,5953.44
2023-05-24,Kolkata,Chennai,1396.49,1746.56,Truck,Foggy,Medium,Diesel,482.09,1143.3,23.39,18927.57
2023-02-26,Lucknow,Chennai,1537.2,3167.78,Truck,Rainy,High,Electric,701.71,377.7,20.55,20005.24
2023-02-03,Ahmedabad,Bangalore,1223.93,642.85,Container,Rainy,High,Petrol,635.02,1444.78,19.27,16504.03
2023-04-09,Bangalore,Hyderabad,459.42,3230.81,Container,Rainy,High,CNG,296.33,566.31,6.22,5365.14
2024-04-25,Jaipur,Kolkata,1420.25,4383.49,Container,Stormy,Medium,Diesel,954.38,2717.0,24.88,20245.51
2023-12-15,Mumbai,Pune,116.63,3818.42,Van,Foggy,Medium,Diesel,26.64,72.91,1.92,3246.79
2024-04-15,Jaipur,Mumbai,972.63,4987.57,Container,Rainy,Low,CNG,546.65,993.52,17.12,13330.86
2024-01-13,Mumbai,Ahmedabad,453.81,2592.54,Truck,Cloudy,Low,Diesel,133.34,360.03,9.26,7117.24
2023-02-02,Delhi,Kolkata,1397.47,4889.04,Truck,Rainy,Medium,CNG,638.08,1213.55,21.49,14570.46
2024-03-06,Ahmedabad,Pune,536.85,4720.84,Truck,Stormy,High,CNG,296.8,593.55,10.73,7060.51
2024-04-28,Chennai,Pune,923.08,819.66,Truck,Cloudy,High,Petrol,302.95,647.57,21.51,11671.23
2023-02-13,Ahmedabad,Delhi,773.67,2610.98,Container,Foggy,High,Diesel,455.82,1135.5,9.8,12459.54
2024-04-15,Pune,Hyderabad,504.6,1253.71,Container,Clear,Low,Diesel,177.46,462.04,7.0,4857.18
2023-10-14,Lucknow,Pune,1128.75,4092.32,Truck,Clear,High,Diesel,459.53,1174.53,26.82,17791.6
2023-08-21,Pune,Delhi,1126.26,1546.28,Container,Foggy,Low,Diesel,467.33,1121.94,20.35,16052.13
2023-10-28,Lucknow,Delhi,454.78,2098.94,Van,Clear,Medium,CNG,79.1,144.54,9.53,5014.6
